group,seed,outcome,minutes,firstMillionMinutes,finalPhaseMinutes,maximumPurchaseGapMinutes,work,drops
holdout/combined/cheapest-fast,2483395040,VICTORY,11.881666666666668,7.925000000000001,3.956666666666667,1.9477777777777776,11,266
holdout/combined/cheapest-fast,2331096800,VICTORY,7.5361111111111105,3.493888888888889,4.042222222222222,0.48333333333333317,7,240
holdout/combined/cheapest-fast,2510334028,VICTORY,8.374166666666666,4.675,3.699166666666666,0.929444444444445,8,261
holdout/combined/cheapest-fast,2743467738,VICTORY,11.720277777777776,7.156111111111112,4.564166666666663,1.1502777777777782,10,282
holdout/combined/cheapest-fast,2879166384,VICTORY,14.01972222222222,10.567222222222222,3.452499999999999,1.8319444444444448,13,306
holdout/combined/cheapest-fast,3875813749,VICTORY,13.351944444444445,10.089166666666666,3.2627777777777798,1.9511111111111106,7,277
holdout/combined/cheapest-fast,816343518,VICTORY,10.381944444444441,5.864722222222223,4.517222222222218,0.9241666666666672,8,256
holdout/combined/cheapest-fast,3547136297,VICTORY,11.302500000000002,7.47361111111111,3.8288888888888923,1.3586111111111112,13,293
holdout/combined/cheapest-fast,3563083766,VICTORY,11.231666666666664,7.948888888888889,3.282777777777775,1.58638888888889,11,241
holdout/combined/cheapest-fast,451496927,VICTORY,13.754722222222222,10.15861111111111,3.596111111111112,1.1147222222222224,7,322
holdout/combined/cheapest-fast,4130076958,VICTORY,11.71583333333333,8.63972222222222,3.0761111111111106,1.000555555555556,9,302
holdout/combined/cheapest-fast,3665933493,VICTORY,10.942777777777781,6.344166666666668,4.598611111111113,1.5486111111111125,7,299
holdout/combined/cheapest-fast,1104338399,VICTORY,16.43083333333334,13.48472222222223,2.94611111111111,1.261388888888889,10,353
holdout/combined/cheapest-fast,1410618576,VICTORY,14.936944444444444,10.724722222222221,4.212222222222223,2.771111111111111,12,345
holdout/combined/cheapest-fast,3653383920,VICTORY,11.45638888888889,7.712222222222224,3.7441666666666658,1.0061111111111116,12,276
holdout/combined/cheapest-fast,3976302008,VICTORY,10.92416666666667,8.072222222222225,2.8519444444444453,1.957222222222223,11,228
holdout/combined/cheapest-fast,1392540049,VICTORY,11.251666666666665,7.061666666666665,4.19,1.5491666666666664,11,281
holdout/combined/cheapest-fast,2704975664,VICTORY,11.2525,6.236388888888888,5.016111111111112,1.9711111111111115,9,283
holdout/combined/cheapest-fast,1564830192,VICTORY,11.551944444444445,7.184722222222222,4.367222222222223,0.9802777777777774,9,327
holdout/combined/cheapest-fast,1584229334,VICTORY,9.518055555555556,5.249722222222222,4.2683333333333335,1.336388888888889,10,278
holdout/combined/cheapest-fast,687888670,VICTORY,11.760555555555559,9.027500000000002,2.7330555555555573,1.698888888888888,11,231
holdout/combined/cheapest-fast,502861547,VICTORY,9.139166666666666,4.885833333333333,4.253333333333333,1.2736111111111117,9,252
holdout/combined/cheapest-fast,3003888072,VICTORY,10.48472222222222,6.319444444444444,4.165277777777777,0.9622222222222216,6,285
holdout/combined/cheapest-fast,2744044691,VICTORY,13.114999999999998,9.160277777777777,3.9547222222222214,3.1652777777777774,11,288
holdout/combined/cheapest-fast,834514959,VICTORY,13.707777777777782,9.259722222222223,4.448055555555559,1.2733333333333334,10,319
holdout/combined/cheapest-fast,2746108128,VICTORY,14.383611111111112,11.016111111111112,3.3674999999999997,2.624444444444444,13,300
holdout/combined/cheapest-fast,4086292918,VICTORY,12.806666666666667,8.644444444444446,4.162222222222221,2.1761111111111116,9,310
holdout/combined/cheapest-fast,3249835553,VICTORY,11.025555555555558,7.8436111111111115,3.1819444444444462,1.0602777777777783,11,251
holdout/combined/cheapest-fast,3204936446,VICTORY,11.254166666666666,7.218055555555556,4.0361111111111105,0.8755555555555574,10,277
holdout/combined/cheapest-fast,688457988,VICTORY,12.266944444444446,8.249722222222223,4.017222222222223,1.6927777777777782,11,277
holdout/combined/cheapest-fast,3058788323,VICTORY,10.39638888888889,7.100555555555557,3.2958333333333325,1.3644444444444446,12,289
holdout/combined/cheapest-fast,16363003,VICTORY,9.050555555555553,4.923333333333333,4.12722222222222,0.7897222222222222,10,253
holdout/combined/insurance-first-fast,2483395040,VICTORY,10.358611111111111,6.826944444444444,3.531666666666667,0.7561111111111103,13,251
holdout/combined/insurance-first-fast,2331096800,VICTORY,7.534166666666666,3.5805555555555557,3.95361111111111,0.7011111111111112,7,244
holdout/combined/insurance-first-fast,2510334028,VICTORY,9.472222222222221,5.569166666666667,3.9030555555555546,1.290833333333334,9,253
holdout/combined/insurance-first-fast,2743467738,VICTORY,17.29722222222222,13.530277777777776,3.7669444444444444,3.1455555555555565,12,340
holdout/combined/insurance-first-fast,2879166384,VICTORY,12.708333333333332,9.243611111111111,3.464722222222221,1.240277777777778,11,304
holdout/combined/insurance-first-fast,3875813749,VICTORY,13.338055555555552,10.414444444444444,2.923611111111109,2.0330555555555545,12,257
holdout/combined/insurance-first-fast,816343518,VICTORY,9.996388888888893,6.2838888888888915,3.7125000000000012,1.5419444444444452,9,263
holdout/combined/insurance-first-fast,3547136297,VICTORY,12.840277777777773,9.513611111111107,3.326666666666666,1.2430555555555527,12,299
holdout/combined/insurance-first-fast,3563083766,VICTORY,15.129722222222222,11.217222222222222,3.9124999999999996,1.4652777777777781,13,332
holdout/combined/insurance-first-fast,451496927,VICTORY,17.07611111111111,11.725277777777775,5.350833333333336,2.1624999999999996,10,402
holdout/combined/insurance-first-fast,4130076958,VICTORY,14.413888888888893,10.631111111111112,3.782777777777781,2.1261111111111104,8,344
holdout/combined/insurance-first-fast,3665933493,VICTORY,8.124444444444444,4.813333333333333,3.311111111111112,0.6672222222222217,11,229
holdout/combined/insurance-first-fast,1104338399,VICTORY,15.70611111111111,12.682500000000001,3.0236111111111086,1.2813888888888894,10,325
holdout/combined/insurance-first-fast,1410618576,VICTORY,12.6375,9.079722222222223,3.557777777777776,1.4561111111111118,12,301
holdout/combined/insurance-first-fast,3653383920,VICTORY,12.106111111111113,9.027222222222225,3.078888888888889,1.2686111111111122,13,253
holdout/combined/insurance-first-fast,3976302008,VICTORY,13.231388888888894,10.004722222222222,3.226666666666672,2.1330555555555573,10,265
holdout/combined/insurance-first-fast,1392540049,VICTORY,9.044722222222221,5.704166666666666,3.3405555555555555,1.020833333333333,11,238
holdout/combined/insurance-first-fast,2704975664,VICTORY,8.784999999999998,5.383333333333332,3.4016666666666664,0.9855555555555554,10,219
holdout/combined/insurance-first-fast,1564830192,VICTORY,14.299999999999999,10.024444444444443,4.275555555555556,2.2369444444444437,11,325
holdout/combined/insurance-first-fast,1584229334,VICTORY,11.405555555555555,6.823611111111111,4.581944444444444,1.5327777777777776,10,273
holdout/combined/insurance-first-fast,687888670,VICTORY,11.936388888888889,9.394166666666667,2.5422222222222217,2.4341666666666653,11,243
holdout/combined/insurance-first-fast,502861547,VICTORY,11.616666666666669,7.857777777777779,3.7588888888888903,1.2597222222222229,9,283
holdout/combined/insurance-first-fast,3003888072,VICTORY,11.467500000000001,7.303055555555555,4.164444444444446,1.216388888888888,11,280
holdout/combined/insurance-first-fast,2744044691,VICTORY,8.5275,6.039444444444444,2.4880555555555555,0.8880555555555558,11,213
holdout/combined/insurance-first-fast,834514959,VICTORY,9.922222222222222,5.852777777777778,4.069444444444445,1.003611111111111,12,270
holdout/combined/insurance-first-fast,2746108128,VICTORY,8.979444444444445,5.961666666666667,3.017777777777778,1.7063888888888896,10,211
holdout/combined/insurance-first-fast,4086292918,VICTORY,12.485000000000001,8.68888888888889,3.796111111111111,2.089722222222223,13,290
holdout/combined/insurance-first-fast,3249835553,VICTORY,14.216111111111108,11.249722222222223,2.9663888888888845,1.3975000000000009,11,283
holdout/combined/insurance-first-fast,3204936446,VICTORY,11.039722222222224,6.979166666666667,4.060555555555557,1.0602777777777779,12,263
holdout/combined/insurance-first-fast,688457988,VICTORY,11.311944444444446,7.1097222222222225,4.202222222222224,1.2927777777777791,9,278
holdout/combined/insurance-first-fast,3058788323,VICTORY,10.376666666666665,5.426388888888889,4.950277777777776,1.6597222222222219,7,305
holdout/combined/insurance-first-fast,16363003,VICTORY,10.754444444444443,6.722777777777779,4.0316666666666645,1.052777777777778,11,265
holdout/combined/skip-splitter-fast,2483395040,VICTORY,11.615000000000002,7.925000000000001,3.6900000000000013,1.9477777777777776,11,254
holdout/combined/skip-splitter-fast,2331096800,VICTORY,7.1930555555555555,3.493888888888889,3.6991666666666667,0.48333333333333317,7,221
holdout/combined/skip-splitter-fast,2510334028,VICTORY,7.83,4.675,3.1550000000000002,0.929444444444445,8,232
holdout/combined/skip-splitter-fast,2743467738,VICTORY,11.143333333333334,7.156111111111112,3.987222222222222,1.1502777777777782,10,258
holdout/combined/skip-splitter-fast,2879166384,VICTORY,13.864166666666666,10.567222222222222,3.296944444444444,1.8319444444444448,13,296
holdout/combined/skip-splitter-fast,3875813749,VICTORY,13.013611111111112,10.089166666666666,2.924444444444447,1.9511111111111106,7,262
holdout/combined/skip-splitter-fast,816343518,VICTORY,10.196666666666664,5.864722222222223,4.33194444444444,0.9241666666666672,8,244
holdout/combined/skip-splitter-fast,3547136297,VICTORY,10.892500000000002,7.47361111111111,3.418888888888892,1.3586111111111112,13,272
holdout/combined/skip-splitter-fast,3563083766,VICTORY,10.816666666666663,7.948888888888889,2.867777777777774,1.58638888888889,11,225
holdout/combined/skip-splitter-fast,451496927,VICTORY,13.453333333333335,10.15861111111111,3.2947222222222248,1.1147222222222224,7,307
holdout/combined/skip-splitter-fast,4130076958,VICTORY,11.501388888888886,8.63972222222222,2.8616666666666664,1.000555555555556,9,290
holdout/combined/skip-splitter-fast,3665933493,VICTORY,10.561388888888892,6.344166666666668,4.217222222222224,1.5486111111111125,7,284
holdout/combined/skip-splitter-fast,1104338399,VICTORY,16.184722222222227,13.48472222222223,2.6999999999999975,1.261388888888889,10,342
holdout/combined/skip-splitter-fast,1410618576,VICTORY,14.443055555555556,10.724722222222221,3.7183333333333355,2.771111111111111,12,323
holdout/combined/skip-splitter-fast,3653383920,VICTORY,10.626388888888892,7.712222222222224,2.9141666666666675,1.0061111111111116,12,234
holdout/combined/skip-splitter-fast,3976302008,VICTORY,10.665277777777781,8.072222222222225,2.593055555555557,1.957222222222223,11,212
holdout/combined/skip-splitter-fast,1392540049,VICTORY,10.944999999999999,7.061666666666665,3.8833333333333337,1.5491666666666664,11,265
holdout/combined/skip-splitter-fast,2704975664,VICTORY,10.725555555555554,6.236388888888888,4.489166666666666,1.9711111111111115,9,264
holdout/combined/skip-splitter-fast,1564830192,VICTORY,11.371944444444447,7.184722222222222,4.187222222222225,0.9802777777777774,9,315
holdout/combined/skip-splitter-fast,1584229334,VICTORY,9.085000000000003,5.249722222222222,3.8352777777777805,1.336388888888889,10,249
holdout/combined/skip-splitter-fast,687888670,VICTORY,11.438333333333336,9.027500000000002,2.4108333333333345,1.698888888888888,11,217
holdout/combined/skip-splitter-fast,502861547,VICTORY,8.517777777777777,4.885833333333333,3.6319444444444438,1.2736111111111117,9,221
holdout/combined/skip-splitter-fast,3003888072,VICTORY,10.108888888888888,6.319444444444444,3.7894444444444444,0.9622222222222216,6,266
holdout/combined/skip-splitter-fast,2744044691,VICTORY,12.889444444444443,9.160277777777777,3.729166666666666,3.1652777777777774,11,279
holdout/combined/skip-splitter-fast,834514959,VICTORY,13.132500000000002,9.259722222222223,3.872777777777779,1.2733333333333334,10,290
holdout/combined/skip-splitter-fast,2746108128,VICTORY,14.063055555555556,11.016111111111112,3.046944444444444,2.624444444444444,13,288
holdout/combined/skip-splitter-fast,4086292918,VICTORY,12.608888888888888,8.644444444444446,3.9644444444444424,2.1761111111111116,9,297
holdout/combined/skip-splitter-fast,3249835553,VICTORY,10.640833333333335,7.8436111111111115,2.7972222222222234,1.0602777777777783,11,233
holdout/combined/skip-splitter-fast,3204936446,VICTORY,10.89138888888889,7.218055555555556,3.6733333333333347,0.8755555555555574,10,261
holdout/combined/skip-splitter-fast,688457988,VICTORY,12.089444444444446,8.249722222222223,3.839722222222223,1.6927777777777782,11,265
holdout/combined/skip-splitter-fast,3058788323,VICTORY,10.085000000000003,7.100555555555557,2.9844444444444456,1.3644444444444446,12,273
holdout/combined/skip-splitter-fast,16363003,VICTORY,8.567777777777776,4.923333333333333,3.644444444444443,0.7897222222222222,10,233
holdout/combined/specials-first-fast,2483395040,VICTORY,9.45527777777778,6.220555555555557,3.2347222222222234,1.1872222222222222,10,233
holdout/combined/specials-first-fast,2331096800,VICTORY,8.33472222222222,3.6819444444444445,4.652777777777776,0.6433333333333344,11,257
holdout/combined/specials-first-fast,2510334028,VICTORY,11.880555555555556,6.852222222222223,5.028333333333333,1.5286111111111116,14,289
holdout/combined/specials-first-fast,2743467738,VICTORY,12.145833333333334,7.477777777777778,4.668055555555556,1.338611111111111,13,289
holdout/combined/specials-first-fast,2879166384,VICTORY,14.858888888888885,10.793611111111113,4.065277777777771,2.038888888888889,15,312
holdout/combined/specials-first-fast,3875813749,VICTORY,13.758333333333331,11.118333333333332,2.639999999999999,3.1872222222222217,13,278
holdout/combined/specials-first-fast,816343518,VICTORY,9.666666666666666,5.278055555555556,4.38861111111111,0.9913888888888889,9,272
holdout/combined/specials-first-fast,3547136297,VICTORY,14.131111111111109,9.74944444444444,4.381666666666668,1.1936111111111094,13,319
holdout/combined/specials-first-fast,3563083766,VICTORY,11.601666666666667,7.901388888888889,3.700277777777778,1.0125000000000006,12,252
holdout/combined/specials-first-fast,451496927,VICTORY,14.417777777777777,9.926944444444441,4.490833333333336,1.0552777777777749,13,348
holdout/combined/specials-first-fast,4130076958,VICTORY,15.178055555555552,11.739166666666666,3.4388888888888864,1.8172222222222203,11,366
holdout/combined/specials-first-fast,3665933493,VICTORY,8.607777777777779,5.081944444444445,3.525833333333334,0.8283333333333331,9,243
holdout/combined/specials-first-fast,1104338399,VICTORY,16.647500000000004,13.502222222222228,3.1452777777777765,1.5841666666666656,10,351
holdout/combined/specials-first-fast,1410618576,VICTORY,14.191388888888884,9.708055555555555,4.483333333333329,3.251944444444444,8,339
holdout/combined/specials-first-fast,3653383920,VICTORY,13.863611111111114,9.806111111111111,4.057500000000003,1.0827777777777783,15,289
holdout/combined/specials-first-fast,3976302008,VICTORY,11.325555555555555,7.542222222222223,3.7833333333333323,1.2000000000000006,12,270
holdout/combined/specials-first-fast,1392540049,VICTORY,12.264166666666663,8.531111111111109,3.733055555555554,1.225833333333334,11,289
holdout/combined/specials-first-fast,2704975664,VICTORY,8.531666666666666,4.6225000000000005,3.909166666666666,0.9983333333333333,10,231
holdout/combined/specials-first-fast,1564830192,VICTORY,11.297222222222224,6.999722222222221,4.297500000000003,1.431111111111111,9,333
holdout/combined/specials-first-fast,1584229334,VICTORY,13.413055555555557,9.298055555555555,4.115000000000002,2.460277777777778,12,320
holdout/combined/specials-first-fast,687888670,VICTORY,15.190833333333332,11.990000000000002,3.20083333333333,3.9522222222222205,16,287
holdout/combined/specials-first-fast,502861547,VICTORY,11.931388888888888,8.151944444444444,3.7794444444444437,1.6133333333333337,11,285
holdout/combined/specials-first-fast,3003888072,VICTORY,8.962777777777777,5.041666666666667,3.9211111111111103,0.8855555555555559,10,245
holdout/combined/specials-first-fast,2744044691,VICTORY,10.210833333333333,6.707777777777777,3.503055555555556,0.8672222222222219,11,244
holdout/combined/specials-first-fast,834514959,VICTORY,10.546944444444446,6.1302777777777795,4.416666666666666,0.8883333333333336,10,292
holdout/combined/specials-first-fast,2746108128,VICTORY,9.835277777777776,6.129444444444444,3.7058333333333318,1.9155555555555566,12,235
holdout/combined/specials-first-fast,4086292918,VICTORY,14.902222222222226,10.051111111111114,4.851111111111113,2.6069444444444447,15,327
holdout/combined/specials-first-fast,3249835553,VICTORY,10.56055555555556,6.509166666666669,4.051388888888891,1.579166666666667,12,271
holdout/combined/specials-first-fast,3204936446,VICTORY,11.265833333333338,6.796111111111111,4.469722222222227,0.7772222222222216,9,281
holdout/combined/specials-first-fast,688457988,VICTORY,13.808611111111116,9.211666666666671,4.5969444444444445,1.9147222222222222,9,330
holdout/combined/specials-first-fast,3058788323,VICTORY,15.429722222222223,10.45027777777778,4.979444444444443,1.91361111111111,8,391
holdout/combined/specials-first-fast,16363003,VICTORY,10.451666666666664,6.38,4.0716666666666645,1.0761111111111115,9,263
holdout/control/cheapest-fast,2483395040,VICTORY,11.359166666666669,7.925000000000001,3.434166666666668,1.9477777777777776,11,234
holdout/control/cheapest-fast,2331096800,VICTORY,7.634444444444443,3.2477777777777774,4.386666666666666,0.5769444444444445,7,228
holdout/control/cheapest-fast,2510334028,VICTORY,7.87,4.675,3.1950000000000003,0.929444444444445,8,230
holdout/control/cheapest-fast,2743467738,VICTORY,11.558333333333335,7.156111111111112,4.402222222222223,1.1502777777777782,10,258
holdout/control/cheapest-fast,2879166384,VICTORY,13.758888888888887,10.169166666666667,3.5897222222222194,1.8319444444444448,13,293
holdout/control/cheapest-fast,3875813749,VICTORY,13.051388888888887,10.089166666666666,2.9622222222222216,1.9511111111111106,7,262
holdout/control/cheapest-fast,816343518,VICTORY,9.535833333333334,5.837500000000001,3.6983333333333333,0.9241666666666672,8,250
holdout/control/cheapest-fast,3547136297,VICTORY,11.043888888888889,7.136944444444443,3.906944444444446,1.3586111111111112,13,278
holdout/control/cheapest-fast,3563083766,VICTORY,10.810277777777776,7.948888888888889,2.8613888888888868,1.58638888888889,11,225
holdout/control/cheapest-fast,451496927,VICTORY,13.398333333333335,10.223055555555556,3.1752777777777794,1.1147222222222224,7,307
holdout/control/cheapest-fast,4130076958,VICTORY,11.229444444444443,7.798055555555554,3.431388888888889,1.000555555555556,9,297
holdout/control/cheapest-fast,3665933493,VICTORY,9.099722222222223,5.7330555555555565,3.3666666666666663,1.5194444444444457,7,246
holdout/control/cheapest-fast,1104338399,VICTORY,16.163611111111113,13.338611111111113,2.8249999999999993,1.261388888888889,10,347
holdout/control/cheapest-fast,1410618576,VICTORY,14.777500000000002,10.680277777777777,4.097222222222225,2.771111111111111,12,333
holdout/control/cheapest-fast,3653383920,VICTORY,10.582222222222223,7.712222222222224,2.8699999999999983,1.0061111111111116,12,230
holdout/control/cheapest-fast,3976302008,VICTORY,10.583888888888888,8.072222222222225,2.511666666666663,1.957222222222223,11,212
holdout/control/cheapest-fast,1392540049,VICTORY,11.301388888888889,7.061666666666665,4.239722222222224,1.5491666666666664,11,260
holdout/control/cheapest-fast,2704975664,VICTORY,10.48583333333333,6.236388888888888,4.249444444444443,1.9711111111111115,9,256
holdout/control/cheapest-fast,1564830192,VICTORY,11.065277777777776,6.969444444444444,4.095833333333332,1.0702777777777772,9,313
holdout/control/cheapest-fast,1584229334,VICTORY,8.825833333333332,5.0569444444444445,3.7688888888888874,1.445277777777778,10,244
holdout/control/cheapest-fast,687888670,VICTORY,11.551111111111116,9.023055555555556,2.528055555555559,1.698888888888888,11,215
holdout/control/cheapest-fast,502861547,VICTORY,8.59361111111111,4.885833333333333,3.7077777777777774,1.2736111111111117,9,221
holdout/control/cheapest-fast,3003888072,VICTORY,9.924722222222222,6.2524999999999995,3.6722222222222225,0.9622222222222216,6,261
holdout/control/cheapest-fast,2744044691,VICTORY,12.827500000000002,9.160277777777777,3.6672222222222253,3.1652777777777774,11,279
holdout/control/cheapest-fast,834514959,VICTORY,12.876944444444444,9.234444444444444,3.6425,1.2494444444444426,10,297
holdout/control/cheapest-fast,2746108128,VICTORY,13.96388888888889,11.016111111111112,2.9477777777777785,2.624444444444444,13,281
holdout/control/cheapest-fast,4086292918,VICTORY,12.354999999999999,8.037222222222223,4.317777777777776,2.1761111111111116,9,290
holdout/control/cheapest-fast,3249835553,VICTORY,10.53388888888889,7.8436111111111115,2.690277777777779,1.0602777777777783,11,226
holdout/control/cheapest-fast,3204936446,VICTORY,11.404722222222226,7.1288888888888895,4.2758333333333365,0.8755555555555574,10,284
holdout/control/cheapest-fast,688457988,VICTORY,12.294166666666667,8.381944444444446,3.912222222222221,1.6927777777777782,11,277
holdout/control/cheapest-fast,3058788323,VICTORY,10.812222222222221,7.618333333333333,3.193888888888888,0.9908333333333328,12,282
holdout/control/cheapest-fast,16363003,VICTORY,7.743888888888889,4.923333333333333,2.820555555555556,0.7897222222222222,10,186
holdout/control/insurance-first-fast,2483395040,VICTORY,9.60222222222222,6.826944444444444,2.7752777777777764,0.7561111111111103,13,214
holdout/control/insurance-first-fast,2331096800,VICTORY,7.247777777777778,3.5805555555555557,3.6672222222222226,0.7011111111111112,7,230
holdout/control/insurance-first-fast,2510334028,VICTORY,9.505833333333333,5.489444444444445,4.016388888888889,1.290833333333334,9,252
holdout/control/insurance-first-fast,2743467738,VICTORY,16.68833333333333,13.530277777777776,3.1580555555555527,3.1455555555555565,12,318
holdout/control/insurance-first-fast,2879166384,VICTORY,12.530277777777776,9.376944444444444,3.1533333333333324,1.240277777777778,11,286
holdout/control/insurance-first-fast,3875813749,VICTORY,13.034999999999998,10.414444444444444,2.620555555555555,2.0330555555555545,12,243
holdout/control/insurance-first-fast,816343518,VICTORY,10.421944444444447,7.338333333333336,3.0836111111111117,1.5419444444444452,9,262
holdout/control/insurance-first-fast,3547136297,VICTORY,12.115277777777774,8.827222222222217,3.288055555555557,1.2430555555555527,11,281
holdout/control/insurance-first-fast,3563083766,VICTORY,15.571944444444442,12.127222222222224,3.444722222222218,1.4652777777777781,13,310
holdout/control/insurance-first-fast,451496927,VICTORY,15.36361111111111,11.71361111111111,3.6500000000000004,2.1624999999999996,10,342
holdout/control/insurance-first-fast,4130076958,VICTORY,14.316666666666666,10.903055555555556,3.413611111111111,2.1261111111111104,8,329
holdout/control/insurance-first-fast,3665933493,VICTORY,8.391666666666667,5.620555555555555,2.7711111111111126,0.926388888888888,11,204
holdout/control/insurance-first-fast,1104338399,VICTORY,15.698611111111113,12.673611111111112,3.0250000000000004,1.2813888888888894,10,310
holdout/control/insurance-first-fast,1410618576,VICTORY,11.822777777777778,8.10138888888889,3.721388888888889,1.4561111111111118,12,272
holdout/control/insurance-first-fast,3653383920,VICTORY,11.829444444444446,8.989722222222223,2.839722222222223,1.2686111111111122,13,235
holdout/control/insurance-first-fast,3976302008,VICTORY,12.597222222222227,10.004722222222222,2.5925000000000047,2.1330555555555573,10,231
holdout/control/insurance-first-fast,1392540049,VICTORY,9.003333333333332,5.714722222222222,3.28861111111111,1.020833333333333,11,234
holdout/control/insurance-first-fast,2704975664,VICTORY,8.59861111111111,5.383333333333332,3.2152777777777777,0.9855555555555554,10,211
holdout/control/insurance-first-fast,1564830192,VICTORY,14.212222222222218,11.204722222222218,3.0075000000000003,2.3424999999999994,9,312
holdout/control/insurance-first-fast,1584229334,VICTORY,10.863888888888889,6.823611111111111,4.040277777777778,1.5327777777777776,10,248
holdout/control/insurance-first-fast,687888670,VICTORY,11.983611111111113,9.593333333333332,2.390277777777781,2.4341666666666653,11,221
holdout/control/insurance-first-fast,502861547,VICTORY,11.334166666666667,7.8997222222222225,3.434444444444444,1.2597222222222229,9,272
holdout/control/insurance-first-fast,3003888072,VICTORY,10.990833333333336,7.683333333333334,3.3075000000000028,1.1300000000000008,11,279
holdout/control/insurance-first-fast,2744044691,VICTORY,8.715000000000002,6.053888888888889,2.6611111111111123,0.8880555555555558,11,213
holdout/control/insurance-first-fast,834514959,VICTORY,9.905833333333335,5.852777777777778,4.053055555555558,1.003611111111111,12,267
holdout/control/insurance-first-fast,2746108128,VICTORY,9.148611111111112,6.2525,2.8961111111111117,1.7063888888888896,10,205
holdout/control/insurance-first-fast,4086292918,VICTORY,12.25361111111111,8.68888888888889,3.564722222222221,2.089722222222223,13,282
holdout/control/insurance-first-fast,3249835553,VICTORY,13.938611111111111,11.165000000000001,2.7736111111111104,1.3975000000000009,11,275
holdout/control/insurance-first-fast,3204936446,VICTORY,10.92277777777778,6.979166666666667,3.943611111111113,1.0602777777777779,12,241
holdout/control/insurance-first-fast,688457988,VICTORY,11.030000000000003,7.1097222222222225,3.9202777777777804,1.2927777777777791,9,264
holdout/control/insurance-first-fast,3058788323,VICTORY,9.632777777777779,5.430555555555555,4.202222222222224,1.6638888888888883,7,284
holdout/control/insurance-first-fast,16363003,VICTORY,10.055833333333334,6.555833333333335,3.499999999999999,1.052777777777778,11,238
holdout/control/skip-splitter-fast,2483395040,VICTORY,10.720833333333335,7.925000000000001,2.7958333333333343,1.9477777777777776,11,205
holdout/control/skip-splitter-fast,2331096800,VICTORY,7.3022222222222215,3.2477777777777774,4.054444444444444,0.5769444444444445,7,209
holdout/control/skip-splitter-fast,2510334028,VICTORY,7.775,4.675,3.1000000000000005,0.929444444444445,8,221
holdout/control/skip-splitter-fast,2743467738,VICTORY,11.310833333333335,7.156111111111112,4.154722222222222,1.1502777777777782,10,244
holdout/control/skip-splitter-fast,2879166384,VICTORY,13.630555555555553,10.169166666666667,3.4613888888888855,1.8319444444444448,13,284
holdout/control/skip-splitter-fast,3875813749,VICTORY,12.71222222222222,10.089166666666666,2.6230555555555544,1.9511111111111106,7,243
holdout/control/skip-splitter-fast,816343518,VICTORY,9.095,5.837500000000001,3.2574999999999994,0.9241666666666672,8,229
holdout/control/skip-splitter-fast,3547136297,VICTORY,10.73611111111111,7.136944444444443,3.599166666666668,1.3586111111111112,13,266
holdout/control/skip-splitter-fast,3563083766,VICTORY,10.414166666666665,7.948888888888889,2.465277777777776,1.58638888888889,11,213
holdout/control/skip-splitter-fast,451496927,VICTORY,13.194166666666668,10.223055555555556,2.971111111111112,1.1147222222222224,7,298
holdout/control/skip-splitter-fast,4130076958,VICTORY,10.722499999999997,7.798055555555554,2.9244444444444424,1.000555555555556,9,272
holdout/control/skip-splitter-fast,3665933493,VICTORY,8.824722222222222,5.7330555555555565,3.091666666666666,1.5194444444444457,7,228
holdout/control/skip-splitter-fast,1104338399,VICTORY,15.974166666666667,13.338611111111113,2.6355555555555537,1.261388888888889,10,339
holdout/control/skip-splitter-fast,1410618576,VICTORY,14.355555555555556,10.680277777777777,3.6752777777777794,2.771111111111111,12,310
holdout/control/skip-splitter-fast,3653383920,VICTORY,10.389722222222224,7.712222222222224,2.6774999999999993,1.0061111111111116,12,221
holdout/control/skip-splitter-fast,3976302008,VICTORY,10.303611111111111,8.072222222222225,2.231388888888887,1.957222222222223,11,201
holdout/control/skip-splitter-fast,1392540049,VICTORY,10.890277777777778,7.061666666666665,3.8286111111111127,1.5491666666666664,11,240
holdout/control/skip-splitter-fast,2704975664,VICTORY,10.01861111111111,6.236388888888888,3.782222222222222,1.9711111111111115,9,231
holdout/control/skip-splitter-fast,1564830192,VICTORY,10.685833333333333,6.969444444444444,3.716388888888889,1.0702777777777772,9,294
holdout/control/skip-splitter-fast,1584229334,VICTORY,8.595277777777778,5.0569444444444445,3.538333333333333,1.445277777777778,10,233
holdout/control/skip-splitter-fast,687888670,VICTORY,10.876666666666669,9.023055555555556,1.8536111111111122,1.698888888888888,11,187
holdout/control/skip-splitter-fast,502861547,VICTORY,8.085,4.885833333333333,3.1991666666666676,1.2736111111111117,9,194
holdout/control/skip-splitter-fast,3003888072,VICTORY,9.311111111111112,6.2524999999999995,3.0586111111111123,0.9622222222222216,6,229
holdout/control/skip-splitter-fast,2744044691,VICTORY,12.518611111111113,9.160277777777777,3.358333333333336,3.1652777777777774,11,267
holdout/control/skip-splitter-fast,834514959,VICTORY,12.60888888888889,9.234444444444444,3.374444444444446,1.2494444444444426,10,284
holdout/control/skip-splitter-fast,2746108128,VICTORY,13.540277777777778,11.016111111111112,2.524166666666666,2.624444444444444,13,260
holdout/control/skip-splitter-fast,4086292918,VICTORY,11.856944444444444,8.037222222222223,3.8197222222222216,2.1761111111111116,9,265
holdout/control/skip-splitter-fast,3249835553,VICTORY,10.329722222222223,7.8436111111111115,2.4861111111111116,1.0602777777777783,11,219
holdout/control/skip-splitter-fast,3204936446,VICTORY,10.948055555555559,7.1288888888888895,3.8191666666666695,0.8755555555555574,10,267
holdout/control/skip-splitter-fast,688457988,VICTORY,12.028055555555559,8.381944444444446,3.6461111111111126,1.6927777777777782,11,264
holdout/control/skip-splitter-fast,3058788323,VICTORY,10.556944444444444,7.618333333333333,2.9386111111111104,0.9908333333333328,12,272
holdout/control/skip-splitter-fast,16363003,VICTORY,7.422777777777778,4.923333333333333,2.4994444444444452,0.7897222222222222,10,173
holdout/control/specials-first-fast,2483395040,VICTORY,9.945555555555558,7.092777777777779,2.8527777777777787,1.1275000000000002,10,220
holdout/control/specials-first-fast,2331096800,VICTORY,7.855555555555556,3.6819444444444445,4.173611111111112,0.5352777777777771,11,229
holdout/control/specials-first-fast,2510334028,VICTORY,12.42416666666667,6.852222222222223,5.571944444444447,1.5286111111111116,14,297
holdout/control/specials-first-fast,2743467738,VICTORY,12.215,7.477777777777778,4.737222222222222,1.338611111111111,13,290
holdout/control/specials-first-fast,2879166384,VICTORY,14.389722222222218,10.703055555555556,3.686666666666662,2.038888888888889,15,304
holdout/control/specials-first-fast,3875813749,VICTORY,13.69527777777778,11.369444444444445,2.3258333333333354,3.1872222222222217,13,262
holdout/control/specials-first-fast,816343518,VICTORY,8.922777777777776,5.243333333333334,3.6794444444444423,0.9913888888888889,9,244
holdout/control/specials-first-fast,3547136297,VICTORY,13.058055555555553,9.635277777777771,3.4227777777777817,1.1936111111111094,13,283
holdout/control/specials-first-fast,3563083766,VICTORY,11.44277777777778,7.8613888888888885,3.581388888888891,1.0125000000000006,12,232
holdout/control/specials-first-fast,451496927,VICTORY,13.717499999999996,9.983055555555552,3.734444444444444,1.0552777777777749,13,313
holdout/control/specials-first-fast,4130076958,VICTORY,14.98861111111111,10.413611111111111,4.574999999999999,1.8172222222222203,11,342
holdout/control/specials-first-fast,3665933493,VICTORY,8.507222222222222,5.069444444444445,3.437777777777777,0.8158333333333339,9,230
holdout/control/specials-first-fast,1104338399,VICTORY,15.192499999999999,11.772777777777781,3.4197222222222177,1.5841666666666656,10,315
holdout/control/specials-first-fast,1410618576,VICTORY,14.201388888888888,9.97,4.231388888888887,3.251944444444444,8,349
holdout/control/specials-first-fast,3653383920,VICTORY,12.061666666666667,9.244444444444445,2.817222222222222,1.2033333333333314,16,227
holdout/control/specials-first-fast,3976302008,VICTORY,11.01027777777778,8.336944444444445,2.6733333333333356,1.2000000000000006,11,227
holdout/control/specials-first-fast,1392540049,VICTORY,12.018611111111108,7.972777777777775,4.0458333333333325,1.065833333333333,12,289
holdout/control/specials-first-fast,2704975664,VICTORY,8.045833333333333,4.800277777777778,3.245555555555555,0.9983333333333333,10,215
holdout/control/specials-first-fast,1564830192,VICTORY,10.616111111111111,4.992499999999999,5.623611111111113,0.9225000000000003,9,314
holdout/control/specials-first-fast,1584229334,VICTORY,12.821111111111112,9.233888888888888,3.5872222222222234,2.460277777777778,12,293
holdout/control/specials-first-fast,687888670,VICTORY,14.70972222222222,11.990000000000002,2.7197222222222184,3.9522222222222205,16,250
holdout/control/specials-first-fast,502861547,VICTORY,11.395,7.857222222222222,3.5377777777777775,1.6133333333333337,11,276
holdout/control/specials-first-fast,3003888072,VICTORY,8.585555555555553,4.780555555555555,3.804999999999998,0.8855555555555559,10,229
holdout/control/specials-first-fast,2744044691,VICTORY,10.523333333333335,7.341666666666667,3.1816666666666684,1.376388888888889,9,248
holdout/control/specials-first-fast,834514959,VICTORY,11.131944444444448,6.576111111111113,4.555833333333335,0.8213888888888885,12,275
holdout/control/specials-first-fast,2746108128,VICTORY,9.045,6.141666666666667,2.9033333333333333,1.9155555555555566,12,191
holdout/control/specials-first-fast,4086292918,VICTORY,14.036111111111113,10.051111111111114,3.9849999999999994,2.6069444444444447,15,307
holdout/control/specials-first-fast,3249835553,VICTORY,10.01555555555556,6.37888888888889,3.6366666666666694,1.579166666666667,12,245
holdout/control/specials-first-fast,3204936446,VICTORY,10.86388888888889,6.796111111111111,4.0677777777777795,0.7772222222222216,9,263
holdout/control/specials-first-fast,688457988,VICTORY,14.983611111111111,11.393888888888888,3.589722222222223,1.9147222222222222,9,329
holdout/control/specials-first-fast,3058788323,VICTORY,16.143888888888892,11.82944444444445,4.314444444444442,1.8425,7,366
holdout/control/specials-first-fast,16363003,VICTORY,10.639722222222222,6.38,4.259722222222222,1.0761111111111115,9,262
ordinary/combined/cheapest-ordinary,2483395040,VICTORY,14.458333333333334,9.658055555555556,4.800277777777778,1.4875000000000007,11,232
ordinary/combined/cheapest-ordinary,2331096800,VICTORY,10.951944444444443,5.952777777777778,4.999166666666665,0.6891666666666678,7,245
ordinary/combined/cheapest-ordinary,2510334028,VICTORY,16.32222222222222,10.957500000000001,5.364722222222218,2.208055555555555,11,271
ordinary/combined/cheapest-ordinary,2743467738,VICTORY,18.727500000000003,12.540555555555557,6.186944444444446,4.8933333333333335,12,292
ordinary/combined/cheapest-ordinary,2879166384,VICTORY,21.903888888888893,17.264444444444447,4.639444444444447,2.460833333333335,15,302
ordinary/combined/cheapest-ordinary,3875813749,VICTORY,20.77,16.761944444444445,4.008055555555554,3.6824999999999988,9,274
ordinary/combined/cheapest-ordinary,816343518,VICTORY,14.925,9.922222222222222,5.002777777777778,1.849166666666668,10,263
ordinary/combined/cheapest-ordinary,3547136297,VICTORY,17.036388888888883,11.033611111111107,6.002777777777776,3.0838888888888882,9,287
ordinary/combined/cheapest-ordinary,3563083766,VICTORY,18.883055555555554,14.178333333333333,4.704722222222221,1.5483333333333373,12,289
ordinary/combined/cheapest-ordinary,451496927,VICTORY,20.378611111111113,14.991388888888888,5.387222222222224,2.2377777777777776,8,324
ordinary/combined/cheapest-ordinary,4130076958,VICTORY,18.682499999999994,13.656111111111109,5.026388888888885,1.4641666666666655,10,306
ordinary/combined/cheapest-ordinary,3665933493,VICTORY,14.034722222222221,9.3375,4.697222222222221,1.1230555555555557,10,241
ordinary/combined/cheapest-ordinary,1104338399,VICTORY,20.772222222222222,15.959166666666667,4.813055555555556,1.7599999999999998,15,313
ordinary/combined/cheapest-ordinary,1410618576,VICTORY,19.202222222222215,14.942222222222219,4.259999999999996,3.0183333333333318,10,291
ordinary/combined/cheapest-ordinary,3653383920,VICTORY,16.676944444444448,12.402500000000002,4.2744444444444465,1.577777777777778,12,230
ordinary/combined/cheapest-ordinary,3976302008,VICTORY,18.259444444444448,13.933888888888891,4.325555555555557,1.909166666666667,12,234
ordinary/control/cheapest-ordinary,2483395040,VICTORY,13.074722222222222,9.548333333333336,3.526388888888887,1.4875000000000007,11,196
ordinary/control/cheapest-ordinary,2331096800,VICTORY,10.899722222222222,5.952777777777778,4.946944444444443,0.6891666666666678,7,236
ordinary/control/cheapest-ordinary,2510334028,VICTORY,15.768055555555554,10.957500000000001,4.810555555555553,2.208055555555555,11,248
ordinary/control/cheapest-ordinary,2743467738,VICTORY,17.74833333333334,12.540555555555557,5.207777777777782,4.8933333333333335,12,257
ordinary/control/cheapest-ordinary,2879166384,VICTORY,21.7925,17.3375,4.455000000000002,2.460833333333335,15,290
ordinary/control/cheapest-ordinary,3875813749,VICTORY,20.68277777777778,16.767777777777777,3.9150000000000027,3.6824999999999988,9,263
ordinary/control/cheapest-ordinary,816343518,VICTORY,15.273611111111112,9.922222222222222,5.35138888888889,1.849166666666668,10,260
ordinary/control/cheapest-ordinary,3547136297,VICTORY,16.807222222222222,11.033611111111107,5.773611111111116,3.0838888888888882,9,273
ordinary/control/cheapest-ordinary,3563083766,VICTORY,18.469166666666663,14.52611111111111,3.943055555555553,1.5483333333333373,12,272
ordinary/control/cheapest-ordinary,451496927,VICTORY,19.330000000000002,15.074444444444445,4.255555555555556,2.2377777777777776,8,305
ordinary/control/cheapest-ordinary,4130076958,VICTORY,18.281111111111105,13.9675,4.313611111111106,1.4641666666666655,10,297
ordinary/control/cheapest-ordinary,3665933493,VICTORY,13.095277777777778,9.154722222222222,3.940555555555555,1.1230555555555557,10,223
ordinary/control/cheapest-ordinary,1104338399,VICTORY,21.381944444444446,16.58638888888889,4.795555555555556,1.9875000000000025,14,324
ordinary/control/cheapest-ordinary,1410618576,VICTORY,18.637777777777774,14.20833333333333,4.429444444444444,3.0183333333333318,10,268
ordinary/control/cheapest-ordinary,3653383920,VICTORY,16.300277777777783,12.402500000000002,3.8977777777777813,1.577777777777778,12,222
ordinary/control/cheapest-ordinary,3976302008,VICTORY,17.875833333333336,13.872500000000002,4.003333333333334,1.909166666666667,12,228
selection/amplifier/cheapest-fast,1793886536,VICTORY,9.37611111111111,6.242499999999999,3.1336111111111107,1.0805555555555562,8,233
selection/amplifier/cheapest-fast,16834813,VICTORY,13.909444444444448,10.340000000000003,3.5694444444444446,1.7469444444444449,10,314
selection/amplifier/cheapest-fast,2833683146,VICTORY,12.394444444444442,8.491388888888887,3.9030555555555555,1.4036111111111111,14,290
selection/amplifier/cheapest-fast,2377429774,VICTORY,14.731388888888894,11.47777777777778,3.2536111111111143,1.8100000000000005,13,294
selection/amplifier/cheapest-fast,4206622780,VICTORY,16.419722222222227,12.964722222222225,3.455000000000002,5.859166666666668,17,318
selection/amplifier/cheapest-fast,948261927,VICTORY,9.189444444444444,4.830000000000001,4.359444444444443,1.3127777777777778,7,270
selection/amplifier/cheapest-fast,7910070,VICTORY,10.348888888888888,5.745555555555555,4.6033333333333335,1.1063888888888878,10,281
selection/amplifier/cheapest-fast,1659743743,VICTORY,9.735277777777778,5.512222222222223,4.223055555555555,0.9136111111111109,8,260
selection/amplifier/insurance-first-fast,1793886536,VICTORY,11.316666666666666,7.626111111111111,3.690555555555555,1.1280555555555554,9,249
selection/amplifier/insurance-first-fast,16834813,VICTORY,14.898888888888902,10.653888888888897,4.2450000000000045,1.4161111111111118,14,319
selection/amplifier/insurance-first-fast,2833683146,VICTORY,13.748888888888883,9.665555555555555,4.083333333333329,3.1069444444444443,13,305
selection/amplifier/insurance-first-fast,2377429774,VICTORY,17.571388888888894,14.208888888888891,3.3625000000000025,1.6194444444444436,13,388
selection/amplifier/insurance-first-fast,4206622780,VICTORY,14.658333333333335,11.175277777777778,3.4830555555555573,2.496388888888889,11,316
selection/amplifier/insurance-first-fast,948261927,VICTORY,8.596944444444448,4.262777777777779,4.334166666666669,0.7138888888888886,9,266
selection/amplifier/insurance-first-fast,7910070,VICTORY,12.659166666666664,8.116666666666665,4.542499999999999,1.3913888888888892,12,304
selection/amplifier/insurance-first-fast,1659743743,VICTORY,10.728333333333332,7.348333333333335,3.3799999999999963,1.9458333333333355,6,257
selection/combined/cheapest-fast,1793886536,VICTORY,9.602222222222222,6.242499999999999,3.3597222222222234,1.0805555555555562,8,245
selection/combined/cheapest-fast,16834813,VICTORY,14.238055555555558,10.446666666666669,3.791388888888889,1.7469444444444449,10,323
selection/combined/cheapest-fast,2833683146,VICTORY,12.424166666666666,8.491388888888887,3.9327777777777797,1.4036111111111111,14,291
selection/combined/cheapest-fast,2377429774,VICTORY,15.559444444444447,11.468333333333335,4.091111111111111,1.8100000000000005,13,310
selection/combined/cheapest-fast,4206622780,VICTORY,16.586111111111116,12.964722222222225,3.621388888888891,5.859166666666668,17,324
selection/combined/cheapest-fast,948261927,VICTORY,9.333055555555555,4.830000000000001,4.503055555555554,1.3127777777777778,7,272
selection/combined/cheapest-fast,7910070,VICTORY,10.67472222222222,5.725833333333332,4.948888888888888,1.1063888888888878,10,295
selection/combined/cheapest-fast,1659743743,VICTORY,8.757222222222223,5.295833333333334,3.461388888888889,0.8436111111111111,8,255
selection/combined/insurance-first-fast,1793886536,VICTORY,11.109444444444444,7.626111111111111,3.4833333333333325,1.1280555555555554,9,249
selection/combined/insurance-first-fast,16834813,VICTORY,14.912500000000014,10.653888888888897,4.258611111111117,1.4161111111111118,14,319
selection/combined/insurance-first-fast,2833683146,VICTORY,13.370833333333334,9.683333333333334,3.6875,3.1069444444444443,13,304
selection/combined/insurance-first-fast,2377429774,VICTORY,17.697499999999998,12.606666666666667,5.090833333333331,1.6194444444444436,13,383
selection/combined/insurance-first-fast,4206622780,VICTORY,15.423333333333336,11.210277777777778,4.213055555555558,2.496388888888889,11,346
selection/combined/insurance-first-fast,948261927,VICTORY,8.820833333333336,4.262777777777779,4.5580555555555575,0.7138888888888886,9,267
selection/combined/insurance-first-fast,7910070,VICTORY,12.994722222222219,8.116666666666665,4.878055555555553,1.3913888888888892,12,314
selection/combined/insurance-first-fast,1659743743,VICTORY,11.753333333333336,7.593611111111113,4.159722222222222,2.2202777777777793,6,286
selection/control/cheapest-fast,1793886536,VICTORY,9.374166666666667,6.242499999999999,3.1316666666666686,1.0805555555555562,8,231
selection/control/cheapest-fast,16834813,VICTORY,13.768888888888887,10.340000000000003,3.428888888888883,1.7469444444444449,10,311
selection/control/cheapest-fast,2833683146,VICTORY,12.340555555555556,8.491388888888887,3.849166666666669,1.4036111111111111,14,284
selection/control/cheapest-fast,2377429774,VICTORY,14.580833333333338,11.47777777777778,3.1030555555555583,1.8100000000000005,13,286
selection/control/cheapest-fast,4206622780,VICTORY,16.300555555555558,12.964722222222225,3.3358333333333334,5.859166666666668,17,312
selection/control/cheapest-fast,948261927,VICTORY,9.167499999999999,4.830000000000001,4.337499999999998,1.3127777777777778,7,257
selection/control/cheapest-fast,7910070,VICTORY,9.484999999999998,5.745555555555555,3.739444444444443,1.1063888888888878,10,235
selection/control/cheapest-fast,1659743743,VICTORY,9.616666666666667,5.512222222222223,4.104444444444444,0.9136111111111109,8,254
selection/control/insurance-first-fast,1793886536,VICTORY,10.561666666666666,7.626111111111111,2.9355555555555544,1.1280555555555554,9,225
selection/control/insurance-first-fast,16834813,VICTORY,14.568333333333346,10.653888888888897,3.914444444444449,1.4161111111111118,14,309
selection/control/insurance-first-fast,2833683146,VICTORY,13.660555555555552,9.665555555555555,3.9949999999999974,3.1069444444444443,13,301
selection/control/insurance-first-fast,2377429774,VICTORY,16.731944444444448,13.866111111111113,2.8658333333333346,1.6194444444444436,13,358
selection/control/insurance-first-fast,4206622780,VICTORY,14.327500000000002,11.175277777777778,3.1522222222222247,2.496388888888889,11,298
selection/control/insurance-first-fast,948261927,VICTORY,8.096111111111112,4.262777777777779,3.833333333333333,0.75,9,226
selection/control/insurance-first-fast,7910070,VICTORY,13.123888888888889,8.116666666666665,5.007222222222223,1.3913888888888892,12,303
selection/control/insurance-first-fast,1659743743,VICTORY,10.574444444444447,7.348333333333335,3.226111111111112,1.9458333333333355,6,254
selection/splitter/cheapest-fast,1793886536,VICTORY,9.468611111111112,6.242499999999999,3.2261111111111136,1.0805555555555562,8,232
selection/splitter/cheapest-fast,16834813,VICTORY,14.061111111111112,10.446666666666669,3.614444444444443,1.7469444444444449,10,311
selection/splitter/cheapest-fast,2833683146,VICTORY,12.240277777777777,8.491388888888887,3.7488888888888905,1.4036111111111111,14,284
selection/splitter/cheapest-fast,2377429774,VICTORY,14.904444444444445,11.468333333333335,3.43611111111111,1.8100000000000005,13,290
selection/splitter/cheapest-fast,4206622780,VICTORY,16.41916666666667,12.964722222222225,3.4544444444444444,5.859166666666668,17,314
selection/splitter/cheapest-fast,948261927,VICTORY,9.18861111111111,4.830000000000001,4.3586111111111085,1.3127777777777778,7,259
selection/splitter/cheapest-fast,7910070,VICTORY,9.653333333333332,5.725833333333332,3.9275,1.1063888888888878,10,241
selection/splitter/cheapest-fast,1659743743,VICTORY,8.764444444444447,5.295833333333334,3.4686111111111124,0.8436111111111111,8,253
selection/splitter/insurance-first-fast,1793886536,VICTORY,10.632777777777779,7.626111111111111,3.0066666666666677,1.1280555555555554,9,229
selection/splitter/insurance-first-fast,16834813,VICTORY,14.787500000000012,10.653888888888897,4.133611111111115,1.4161111111111118,14,319
selection/splitter/insurance-first-fast,2833683146,VICTORY,13.529999999999998,9.683333333333334,3.846666666666664,3.1069444444444443,13,304
selection/splitter/insurance-first-fast,2377429774,VICTORY,17.963333333333328,12.606666666666667,5.35666666666666,1.6194444444444436,13,385
selection/splitter/insurance-first-fast,4206622780,VICTORY,14.738055555555556,11.210277777777778,3.5277777777777786,2.496388888888889,11,320
selection/splitter/insurance-first-fast,948261927,VICTORY,8.179444444444446,4.262777777777779,3.916666666666667,0.7138888888888886,9,234
selection/splitter/insurance-first-fast,7910070,VICTORY,12.762777777777776,8.116666666666665,4.646111111111111,1.3913888888888892,12,304
selection/splitter/insurance-first-fast,1659743743,VICTORY,10.930833333333336,7.593611111111113,3.3372222222222225,2.2202777777777793,6,256
