group,seed,outcome,minutes,firstMillionMinutes,finalPhaseMinutes,purchaseGapMinutes,work,drops,purchases,finalReturnLevel,finalCash
ablation/control/cheapest-fast,4155171881,VICTORY,11.29861111111111,8.163611111111111,3.135,3.833055555555555,11,248,41,4,6580232
ablation/control/cheapest-fast,2454651054,VICTORY,10.262500000000001,6.77638888888889,3.4861111111111107,1.2136111111111112,10,226,41,4,4511980
ablation/control/cheapest-fast,3523795281,VICTORY,12.989166666666666,10.104722222222223,2.8844444444444424,1.4949999999999999,12,261,41,4,604897
ablation/control/cheapest-fast,2536075070,VICTORY,9.457777777777777,6.1450000000000005,3.312777777777776,1.2352777777777775,10,216,41,4,4386942
ablation/control/cheapest-fast,2381406993,VICTORY,12.976111111111107,8.359166666666665,4.616944444444442,1.2958333333333325,10,315,41,4,6861983
ablation/control/cheapest-fast,1753533267,VICTORY,8.25361111111111,5.881666666666667,2.371944444444444,1.4491666666666667,9,188,41,4,980293
ablation/control/cheapest-fast,3584370136,VICTORY,12.264999999999997,7.352499999999998,4.912499999999999,1.0744444444444445,9,316,41,4,8874780
ablation/control/cheapest-fast,1102733087,VICTORY,9.085555555555555,5.736666666666666,3.3488888888888884,1.4774999999999998,13,227,41,4,703507
ablation/control/cheapest-fast,629114356,VICTORY,11.37444444444444,8.742499999999998,2.631944444444443,1.5572222222222223,7,237,41,4,10107532
ablation/control/cheapest-fast,1103679227,VICTORY,10.566944444444447,7.952500000000001,2.6144444444444463,1.0433333333333332,13,234,41,4,7623107
ablation/control/cheapest-fast,3199594228,VICTORY,8.775555555555554,4.615555555555557,4.1599999999999975,0.8630555555555557,12,238,41,4,3682567
ablation/control/cheapest-fast,2610635131,VICTORY,11.22777777777778,8.424444444444447,2.803333333333333,1.262777777777778,10,234,41,4,10396601
ablation/control/cheapest-fast,1345011969,VICTORY,9.825277777777782,6.165277777777779,3.660000000000003,0.9997222222222222,11,233,41,4,7266357
ablation/control/cheapest-fast,2550945305,VICTORY,11.745555555555553,9.03361111111111,2.711944444444443,1.0661111111111112,10,251,41,4,5361756
ablation/control/cheapest-fast,3192725541,VICTORY,12.666944444444447,8.205555555555556,4.461388888888891,1.5199999999999996,12,302,41,4,1216968
ablation/control/cheapest-fast,2217710866,VICTORY,10.885555555555557,7.3999999999999995,3.4855555555555577,0.9400000000000004,10,296,41,4,12450234
ablation/control/skip-late-stakes-fast,4155171881,VICTORY,15.799166666666666,7.9322222222222205,7.866944444444446,3.833055555555555,11,493,38,4,1512264
ablation/control/skip-late-stakes-fast,2454651054,VICTORY,14.194444444444445,6.77638888888889,7.418055555555554,1.2136111111111112,10,469,38,4,2952552
ablation/control/skip-late-stakes-fast,3523795281,VICTORY,17.346388888888896,9.785555555555558,7.560833333333338,1.4949999999999999,12,514,38,4,2012712
ablation/control/skip-late-stakes-fast,2536075070,VICTORY,13.225277777777778,6.1450000000000005,7.080277777777778,1.2352777777777775,10,428,38,4,337358
ablation/control/skip-late-stakes-fast,2381406993,VICTORY,16.424999999999997,8.185833333333333,8.239166666666664,1.0983333333333318,10,546,38,4,4272019
ablation/control/skip-late-stakes-fast,1753533267,VICTORY,12.8625,5.856944444444443,7.005555555555557,1.4491666666666667,9,444,38,4,3648093
ablation/control/skip-late-stakes-fast,3584370136,VICTORY,16.165277777777774,8.230555555555553,7.934722222222222,1.3025000000000002,9,530,38,4,1340895
ablation/control/skip-late-stakes-fast,1102733087,VICTORY,12.996111111111112,5.736666666666666,7.259444444444446,1.4774999999999998,13,452,38,4,2427199
ablation/control/skip-late-stakes-fast,629114356,VICTORY,15.160833333333331,8.490277777777775,6.670555555555556,1.5572222222222223,7,445,38,4,3818858
ablation/control/skip-late-stakes-fast,1103679227,VICTORY,13.83361111111111,7.150555555555555,6.683055555555556,1.0433333333333332,13,431,38,4,3518438
ablation/control/skip-late-stakes-fast,3199594228,VICTORY,13.066111111111109,4.615555555555557,8.450555555555553,0.9672222222222224,12,496,38,4,477002
ablation/control/skip-late-stakes-fast,2610635131,VICTORY,15.095833333333337,8.424444444444447,6.67138888888889,1.262777777777778,10,435,38,4,809953
ablation/control/skip-late-stakes-fast,1345011969,VICTORY,13.177777777777777,6.2633333333333345,6.914444444444443,0.9997222222222222,11,439,38,4,2322230
ablation/control/skip-late-stakes-fast,2550945305,VICTORY,15.85611111111111,8.99861111111111,6.8575,1.1427777777777788,10,480,38,4,3832197
ablation/control/skip-late-stakes-fast,3192725541,VICTORY,16.857222222222227,8.205555555555556,8.65166666666667,1.5199999999999996,12,534,38,4,580340
ablation/control/skip-late-stakes-fast,2217710866,VICTORY,15.424166666666666,7.234722222222221,8.189444444444446,1.1099999999999994,10,556,38,4,503560
holdout/control/cheapest-fast,2125682209,VICTORY,10.491666666666667,7.484166666666668,3.0074999999999994,1.02,13,237,41,4,5951538
holdout/control/cheapest-fast,3169718451,VICTORY,11.19611111111111,8.231666666666666,2.964444444444444,1.314166666666666,9,274,41,4,1826801
holdout/control/cheapest-fast,2070528989,VICTORY,9.925833333333337,6.6416666666666675,3.2841666666666693,1.3777777777777782,8,240,41,4,10758856
holdout/control/cheapest-fast,3185812470,VICTORY,11.574166666666665,7.885833333333332,3.6883333333333326,1.4913888888888884,10,292,41,4,9735051
holdout/control/cheapest-fast,1025868355,VICTORY,13.087499999999999,8.9275,4.159999999999998,1.4816666666666656,9,322,41,4,912514
holdout/control/cheapest-fast,1950646221,VICTORY,9.9375,6.171388888888888,3.766111111111112,1.0683333333333342,5,286,41,4,4652362
holdout/control/cheapest-fast,72176648,VICTORY,13.547499999999994,10.691388888888888,2.8561111111111064,2.3505555555555553,11,280,41,4,3760483
holdout/control/cheapest-fast,1329398392,VICTORY,12.92333333333333,9.75222222222222,3.1711111111111094,1.6197222222222232,10,290,41,4,2189855
holdout/control/cheapest-fast,3475578780,VICTORY,12.199999999999998,8.631944444444441,3.5680555555555564,2.557499999999999,10,283,41,4,4754256
holdout/control/cheapest-fast,1053598869,VICTORY,8.534444444444443,4.860277777777778,3.6741666666666646,2.0561111111111114,8,246,41,4,1912405
holdout/control/cheapest-fast,1405426730,VICTORY,11.653055555555556,8.474444444444444,3.1786111111111115,1.405555555555555,11,245,41,4,6871918
holdout/control/cheapest-fast,391620004,VICTORY,9.551388888888887,5.572777777777777,3.9786111111111104,0.9066666666666667,8,277,41,4,1226880
holdout/control/cheapest-fast,3933482550,VICTORY,10.417500000000006,6.132777777777779,4.284722222222227,1.2797222222222233,10,267,41,4,5055243
holdout/control/cheapest-fast,87592255,VICTORY,10.847222222222223,7.6511111111111125,3.1961111111111107,1.2647222222222223,10,246,41,4,1258465
holdout/control/cheapest-fast,3290512467,VICTORY,11.030555555555559,7.565000000000002,3.4655555555555564,2.6294444444444443,9,268,41,4,5238572
holdout/control/cheapest-fast,3605578334,VICTORY,14.628333333333332,11.24638888888889,3.381944444444443,3.4908333333333337,15,292,41,4,10139246
holdout/control/cheapest-fast,261375188,VICTORY,9.444166666666664,6.178055555555556,3.2661111111111083,1.2455555555555562,9,230,41,4,5210254
holdout/control/cheapest-fast,1978391667,VICTORY,14.070555555555554,10.435,3.6355555555555537,2.3855555555555554,12,317,41,4,17112710
holdout/control/cheapest-fast,1952071755,VICTORY,8.29388888888889,4.853055555555557,3.440833333333334,0.691111111111111,8,205,41,4,1362420
holdout/control/cheapest-fast,3436814048,VICTORY,11.956666666666669,8.556944444444444,3.399722222222225,1.858611111111112,9,284,41,4,3969146
holdout/control/cheapest-fast,2961580164,VICTORY,15.477777777777776,11.979444444444443,3.498333333333333,2.551666666666665,10,307,41,4,5272162
holdout/control/cheapest-fast,3067047884,VICTORY,10.729999999999999,7.554444444444443,3.1755555555555555,1.01888888888889,12,248,41,4,3483051
holdout/control/cheapest-fast,3036064396,VICTORY,10.825833333333332,7.611111111111112,3.2147222222222203,0.954166666666667,12,242,41,4,6021938
holdout/control/cheapest-fast,2651358019,VICTORY,12.279166666666665,9.16194444444444,3.1172222222222246,2.1575000000000006,16,259,41,4,8980623
holdout/control/cheapest-fast,275053095,VICTORY,11.988333333333328,8.018055555555552,3.970277777777776,1.0258333333333334,9,295,41,4,5061735
holdout/control/cheapest-fast,1822707814,VICTORY,15.470833333333333,11.395555555555552,4.0752777777777816,3.08861111111111,11,360,41,4,1519684
holdout/control/cheapest-fast,4098575756,VICTORY,13.016388888888887,9.367222222222221,3.649166666666666,1.3036111111111106,10,343,41,4,6699272
holdout/control/cheapest-fast,23204127,VICTORY,11.336388888888889,8.766388888888887,2.570000000000002,1.466388888888889,10,233,41,4,12590148
holdout/control/cheapest-fast,2336935107,VICTORY,9.595,5.466666666666667,4.128333333333334,0.996666666666667,12,242,41,4,2233071
holdout/control/cheapest-fast,1871712886,VICTORY,10.608611111111113,7.305555555555556,3.3030555555555567,1.9874999999999998,9,230,41,4,6312906
holdout/control/cheapest-fast,2209846596,VICTORY,9.934166666666666,6.787222222222222,3.1469444444444443,1.3850000000000016,8,238,41,4,3679509
holdout/control/cheapest-fast,1096528127,VICTORY,10.766388888888885,7.1180555555555545,3.6483333333333308,0.8747222222222222,12,254,41,4,12348416
holdout/control/income-path-fast,2125682209,VICTORY,15.26916666666667,13.034722222222227,2.234444444444444,4.367777777777778,9,338,37,3,727442
holdout/control/income-path-fast,3169718451,VICTORY,14.144444444444444,11.408055555555555,2.7363888888888894,1.4366666666666665,9,306,36,3,651445
holdout/control/income-path-fast,2070528989,VICTORY,13.274444444444445,10.205555555555554,3.0688888888888908,1.5744444444444428,12,280,37,3,6377429
holdout/control/income-path-fast,3185812470,VICTORY,15.714166666666662,11.101388888888886,4.612777777777776,1.6397222222222219,13,367,37,3,1938172
holdout/control/income-path-fast,1025868355,VICTORY,16.930833333333336,12.966388888888892,3.964444444444444,3.4997222222222226,8,363,37,3,14078093
holdout/control/income-path-fast,1950646221,VICTORY,16.66250000000001,12.476944444444449,4.18555555555556,3.4144444444444457,13,365,37,3,722615
holdout/control/income-path-fast,72176648,VICTORY,13.23583333333333,11.118055555555552,2.1177777777777784,1.7427777777777766,9,275,37,3,5555316
holdout/control/income-path-fast,1329398392,VICTORY,15.378055555555559,12.810833333333337,2.567222222222222,2.8652777777777785,13,345,37,3,11438401
holdout/control/income-path-fast,3475578780,VICTORY,17.076111111111103,13.78555555555555,3.290555555555553,2.1552777777777776,7,383,36,3,3510330
holdout/control/income-path-fast,1053598869,VICTORY,13.864166666666664,11.394166666666662,2.4700000000000024,2.1752777777777776,9,305,36,3,4243938
holdout/control/income-path-fast,1405426730,VICTORY,9.606111111111113,7.8658333333333355,1.740277777777778,1.049722222222222,10,182,36,3,2308665
holdout/control/income-path-fast,391620004,VICTORY,13.623888888888889,11.312222222222223,2.3116666666666656,1.416944444444444,8,286,36,3,470554
holdout/control/income-path-fast,3933482550,VICTORY,9.788333333333336,6.967777777777779,2.820555555555557,1.099166666666668,12,211,36,3,5738833
holdout/control/income-path-fast,87592255,VICTORY,16.249166666666664,12.557222222222217,3.691944444444447,3.757222222222222,12,356,37,3,2263598
holdout/control/income-path-fast,3290512467,VICTORY,10.56472222222222,7.422222222222222,3.142499999999999,1.8258333333333332,7,248,36,3,1979202
holdout/control/income-path-fast,3605578334,VICTORY,18.138611111111114,15.145833333333337,2.9927777777777766,2.3430555555555563,9,359,37,3,3874874
holdout/control/income-path-fast,261375188,VICTORY,11.688055555555556,9.163333333333332,2.5247222222222234,1.6083333333333325,14,256,37,3,9250594
holdout/control/income-path-fast,1978391667,VICTORY,19.485833333333343,16.86944444444445,2.616388888888892,2.9144444444444453,10,384,36,3,8131841
holdout/control/income-path-fast,1952071755,VICTORY,7.976944444444444,4.675277777777778,3.3016666666666667,0.6944444444444444,9,209,37,3,1951744
holdout/control/income-path-fast,3436814048,VICTORY,13.716388888888893,10.88194444444445,2.8344444444444434,2.5502777777777785,7,282,37,3,5441438
holdout/control/income-path-fast,2961580164,VICTORY,12.871111111111107,10.10694444444444,2.764166666666666,2.1969444444444446,10,310,36,3,757853
holdout/control/income-path-fast,3067047884,VICTORY,11.562777777777773,7.999722222222221,3.563055555555552,1.1811111111111101,10,241,37,3,8826643
holdout/control/income-path-fast,3036064396,VICTORY,11.383055555555554,8.670833333333329,2.712222222222225,1.5166666666666662,10,257,37,3,5206563
holdout/control/income-path-fast,2651358019,VICTORY,12.132777777777777,10.245555555555557,1.8872222222222206,2.784166666666667,9,258,37,3,4563113
holdout/control/income-path-fast,275053095,VICTORY,17.514722222222225,14.425,3.0897222222222247,1.87,9,356,38,3,679496
holdout/control/income-path-fast,1822707814,VICTORY,13.976388888888891,10.548055555555557,3.4283333333333346,2.1255555555555556,13,312,36,3,4513474
holdout/control/income-path-fast,4098575756,VICTORY,15.107777777777788,11.463888888888894,3.6438888888888936,1.4774999999999996,8,328,36,3,3363282
holdout/control/income-path-fast,23204127,VICTORY,21.34833333333334,18.818333333333342,2.5299999999999976,4.44388888888889,14,418,38,3,5569430
holdout/control/income-path-fast,2336935107,VICTORY,11.570277777777779,8.935555555555556,2.634722222222223,2.0586111111111105,9,291,37,3,7992833
holdout/control/income-path-fast,1871712886,VICTORY,10.95972222222222,8.496388888888887,2.463333333333333,1.1300000000000003,14,249,36,3,7322152
holdout/control/income-path-fast,2209846596,VICTORY,14.791666666666668,11.890000000000002,2.9016666666666655,3.395555555555556,5,326,38,3,4793399
holdout/control/income-path-fast,1096528127,VICTORY,9.960000000000003,7.136666666666668,2.823333333333335,0.7086111111111111,12,225,36,3,2707268
holdout/control/income-path-insurance-fast,2125682209,VICTORY,15.821111111111104,13.075277777777773,2.745833333333332,2.5797222222222227,13,310,40,3,4732774
holdout/control/income-path-insurance-fast,3169718451,VICTORY,18.10916666666667,15.170833333333338,2.9383333333333326,5.153888888888889,15,384,39,3,2330404
holdout/control/income-path-insurance-fast,2070528989,VICTORY,14.71777777777778,12.548333333333336,2.1694444444444443,1.7508333333333344,11,302,39,3,2731552
holdout/control/income-path-insurance-fast,3185812470,VICTORY,16.31416666666666,14.05472222222222,2.2594444444444424,1.226388888888889,13,342,40,3,4845271
holdout/control/income-path-insurance-fast,1025868355,VICTORY,17.855555555555558,13.232222222222221,4.623333333333337,3.7427777777777775,10,357,40,3,14172776
holdout/control/income-path-insurance-fast,1950646221,VICTORY,12.600555555555554,9.290833333333333,3.30972222222222,1.418333333333333,9,254,40,3,4205357
holdout/control/income-path-insurance-fast,72176648,VICTORY,13.028055555555552,10.968333333333334,2.0597222222222182,2.8105555555555553,9,285,40,3,5044365
holdout/control/income-path-insurance-fast,1329398392,VICTORY,14.425833333333335,11.874722222222221,2.5511111111111138,1.2738888888888873,11,281,39,3,1755346
holdout/control/income-path-insurance-fast,3475578780,VICTORY,12.467499999999996,8.894166666666665,3.5733333333333306,3.0791666666666666,9,331,39,3,2553493
holdout/control/income-path-insurance-fast,1053598869,VICTORY,11.329444444444444,8.553333333333335,2.77611111111111,2.065277777777777,11,245,40,3,1725366
holdout/control/income-path-insurance-fast,1405426730,VICTORY,18.724166666666672,16.16805555555556,2.556111111111111,3.91888888888889,13,387,39,3,2729661
holdout/control/income-path-insurance-fast,391620004,VICTORY,20.22416666666667,16.815277777777776,3.4088888888888924,3.410000000000001,12,404,41,3,4572263
holdout/control/income-path-insurance-fast,3933482550,VICTORY,23.399166666666666,19.94888888888889,3.4502777777777744,4.236666666666666,23,476,41,3,12892568
holdout/control/income-path-insurance-fast,87592255,VICTORY,23.33305555555555,20.91,2.4230555555555497,4.987777777777779,17,466,40,3,13240991
holdout/control/income-path-insurance-fast,3290512467,VICTORY,18.118888888888886,15.101111111111107,3.017777777777779,2.089166666666667,11,406,41,3,4493663
holdout/control/income-path-insurance-fast,3605578334,VICTORY,12.773888888888893,10.39805555555556,2.3758333333333326,1.316111111111111,11,255,40,3,1629401
holdout/control/income-path-insurance-fast,261375188,VICTORY,12.51361111111111,9.820555555555556,2.6930555555555546,3.0744444444444445,9,277,39,3,5166364
holdout/control/income-path-insurance-fast,1978391667,VICTORY,25.21583333333334,22.685555555555563,2.5302777777777763,6.116944444444446,15,486,39,3,5413188
holdout/control/income-path-insurance-fast,1952071755,VICTORY,11.523055555555553,9.303611111111111,2.2194444444444414,1.2816666666666672,8,258,39,3,4422859
holdout/control/income-path-insurance-fast,3436814048,VICTORY,8.83472222222222,5.757499999999999,3.077222222222221,1.125277777777778,10,202,39,3,12578553
holdout/control/income-path-insurance-fast,2961580164,VICTORY,20.439999999999998,18.404444444444444,2.035555555555554,4.700833333333334,13,398,39,3,864894
holdout/control/income-path-insurance-fast,3067047884,VICTORY,10.831666666666669,8.023333333333333,2.8083333333333353,0.9797222222222222,11,217,40,3,497548
holdout/control/income-path-insurance-fast,3036064396,VICTORY,12.787500000000001,10.206944444444446,2.5805555555555557,2.6430555555555553,15,277,39,3,933666
holdout/control/income-path-insurance-fast,2651358019,VICTORY,21.9125,19.289166666666667,2.623333333333335,4.636666666666668,17,396,40,3,6359235
holdout/control/income-path-insurance-fast,275053095,VICTORY,10.1775,7.307777777777777,2.869722222222223,1.8388888888888886,12,208,41,3,3425130
holdout/control/income-path-insurance-fast,1822707814,VICTORY,20.840555555555557,17.16666666666667,3.673888888888886,2.296666666666667,17,405,40,3,7688947
holdout/control/income-path-insurance-fast,4098575756,VICTORY,12.77138888888889,10.46361111111111,2.3077777777777797,1.5500000000000025,10,274,39,3,6100751
holdout/control/income-path-insurance-fast,23204127,VICTORY,12.906388888888893,9.903611111111111,3.0027777777777818,1.2588888888888894,12,275,40,3,2967765
holdout/control/income-path-insurance-fast,2336935107,VICTORY,18.60694444444444,15.899444444444441,2.7074999999999996,1.7422222222222192,13,365,41,3,8442102
holdout/control/income-path-insurance-fast,1871712886,VICTORY,10.071944444444448,7.186111111111113,2.885833333333335,1.5,8,215,40,3,5048472
holdout/control/income-path-insurance-fast,2209846596,VICTORY,19.43111111111111,16.943055555555553,2.488055555555558,3.4877777777777768,10,393,40,3,3690006
holdout/control/income-path-insurance-fast,1096528127,VICTORY,18.296388888888888,14.962222222222222,3.3341666666666665,2.201944444444443,11,396,40,3,4874791
holdout/control/insurance-first-fast,2125682209,VICTORY,12.498055555555556,8.836388888888889,3.661666666666667,1.419166666666667,10,280,44,4,10689058
holdout/control/insurance-first-fast,3169718451,VICTORY,10.052777777777777,6.432777777777775,3.620000000000002,0.8347222222222221,9,261,44,4,15978247
holdout/control/insurance-first-fast,2070528989,VICTORY,11.13,8.048611111111112,3.0813888888888883,1.413333333333334,9,249,44,4,5809725
holdout/control/insurance-first-fast,3185812470,VICTORY,10.95138888888889,7.401666666666667,3.549722222222222,1.951944444444445,8,266,44,4,4991494
holdout/control/insurance-first-fast,1025868355,VICTORY,13.35138888888889,8.660833333333333,4.690555555555557,1.4019444444444442,10,320,44,4,1975876
holdout/control/insurance-first-fast,1950646221,VICTORY,9.289444444444447,6.0986111111111105,3.1908333333333365,1.4772222222222222,9,223,44,4,5212322
holdout/control/insurance-first-fast,72176648,VICTORY,12.859999999999998,10.008888888888885,2.8511111111111127,1.488888888888888,9,281,44,4,2687829
holdout/control/insurance-first-fast,1329398392,VICTORY,11.972777777777775,8.561944444444443,3.4108333333333327,1.445833333333332,16,282,44,4,20019081
holdout/control/insurance-first-fast,3475578780,VICTORY,12.434722222222222,9.187499999999998,3.2472222222222236,1.7972222222222216,10,270,44,4,8476801
holdout/control/insurance-first-fast,1053598869,VICTORY,8.439444444444442,4.645833333333333,3.793611111111109,1.467777777777778,7,230,44,4,7421564
holdout/control/insurance-first-fast,1405426730,VICTORY,11.245833333333332,8.441666666666666,2.8041666666666654,1.0175,11,224,44,4,2477712
holdout/control/insurance-first-fast,391620004,VICTORY,10.129722222222222,5.950277777777776,4.179444444444446,1.615277777777778,9,277,44,4,5861649
holdout/control/insurance-first-fast,3933482550,VICTORY,11.126944444444446,7.607222222222223,3.5197222222222226,1.4644444444444447,11,265,44,4,8544870
holdout/control/insurance-first-fast,87592255,VICTORY,10.35638888888889,6.474166666666666,3.8822222222222242,1.712777777777776,10,243,44,4,4815457
holdout/control/insurance-first-fast,3290512467,VICTORY,10.278888888888888,6.874166666666667,3.4047222222222207,1.2308333333333328,10,247,44,4,11703285
holdout/control/insurance-first-fast,3605578334,VICTORY,12.183888888888891,8.76277777777778,3.421111111111111,1.5983333333333336,13,276,44,4,6381941
holdout/control/insurance-first-fast,261375188,VICTORY,9.936111111111112,6.331388888888889,3.6047222222222226,0.9427777777777777,9,237,44,4,8832953
holdout/control/insurance-first-fast,1978391667,VICTORY,11.023055555555555,7.6147222222222215,3.408333333333333,1.2586111111111113,11,268,44,4,1318968
holdout/control/insurance-first-fast,1952071755,VICTORY,7.644166666666667,4.077500000000001,3.5666666666666664,0.8033333333333337,8,200,44,4,4015793
holdout/control/insurance-first-fast,3436814048,VICTORY,10.422499999999998,6.066666666666666,4.355833333333331,0.7863888888888884,13,265,44,4,1976592
holdout/control/insurance-first-fast,2961580164,VICTORY,11.506944444444441,7.914444444444441,3.5925000000000002,1.4588888888888878,11,268,44,4,7678167
holdout/control/insurance-first-fast,3067047884,VICTORY,8.723055555555558,5.076111111111112,3.646944444444445,1.3291666666666684,10,238,44,4,3857705
holdout/control/insurance-first-fast,3036064396,VICTORY,10.237499999999995,6.854722222222222,3.3827777777777737,1.1586111111111104,12,233,44,4,7092670
holdout/control/insurance-first-fast,2651358019,VICTORY,14.583055555555555,11.213611111111112,3.3694444444444436,1.5933333333333355,14,304,44,4,4993668
holdout/control/insurance-first-fast,275053095,VICTORY,10.396388888888886,6.453888888888887,3.942499999999999,0.7805555555555554,11,281,44,4,2100024
holdout/control/insurance-first-fast,1822707814,VICTORY,8.826666666666666,5.64861111111111,3.178055555555556,0.6405555555555555,11,231,44,4,14330012
holdout/control/insurance-first-fast,4098575756,VICTORY,14.25361111111111,10.849444444444442,3.4041666666666686,1.0055555555555573,13,316,44,4,1577022
holdout/control/insurance-first-fast,23204127,VICTORY,8.87111111111111,6.103055555555555,2.7680555555555557,0.9383333333333344,11,223,44,4,11951948
holdout/control/insurance-first-fast,2336935107,VICTORY,10.499444444444444,6.153333333333333,4.346111111111111,0.9036111111111111,9,311,44,4,6547064
holdout/control/insurance-first-fast,1871712886,BARRY_LOSS,6.409166666666667,,,2.087222222222222,11,62,23,1,4213
holdout/control/insurance-first-fast,2209846596,VICTORY,9.546388888888888,7.023055555555557,2.5233333333333308,0.9691666666666667,7,213,44,4,2173419
holdout/control/insurance-first-fast,1096528127,VICTORY,10.948055555555554,7.284166666666665,3.6638888888888888,1.1005555555555555,11,255,44,4,6541605
holdout/control/skip-splitter-fast,2125682209,VICTORY,9.955277777777777,7.484166666666668,2.4711111111111093,1.02,13,206,40,4,2864875
holdout/control/skip-splitter-fast,3169718451,VICTORY,10.932777777777774,8.231666666666666,2.701111111111109,1.314166666666666,9,260,40,4,12112181
holdout/control/skip-splitter-fast,2070528989,VICTORY,9.638055555555557,6.6416666666666675,2.996388888888889,1.3777777777777782,8,227,40,4,7826693
holdout/control/skip-splitter-fast,3185812470,VICTORY,11.140555555555554,7.885833333333332,3.254722222222222,1.4913888888888884,10,268,40,4,3505701
holdout/control/skip-splitter-fast,1025868355,VICTORY,12.745277777777776,8.9275,3.817777777777776,1.4816666666666656,9,304,40,4,4068664
holdout/control/skip-splitter-fast,1950646221,VICTORY,9.789166666666665,6.171388888888888,3.6177777777777766,1.0683333333333342,5,277,40,4,9591349
holdout/control/skip-splitter-fast,72176648,VICTORY,13.323611111111108,10.691388888888888,2.63222222222222,2.3505555555555553,11,268,40,4,4333407
holdout/control/skip-splitter-fast,1329398392,VICTORY,12.821388888888887,9.75222222222222,3.069166666666666,1.6197222222222232,10,285,40,4,18466029
holdout/control/skip-splitter-fast,3475578780,VICTORY,11.71361111111111,8.631944444444441,3.0816666666666688,2.557499999999999,10,263,40,4,4569142
holdout/control/skip-splitter-fast,1053598869,VICTORY,8.090277777777777,4.860277777777778,3.2299999999999986,2.0561111111111114,8,224,40,4,3843405
holdout/control/skip-splitter-fast,1405426730,VICTORY,11.134166666666665,8.474444444444444,2.6597222222222214,1.405555555555555,11,219,40,4,5414918
holdout/control/skip-splitter-fast,391620004,VICTORY,9.191666666666666,5.572777777777777,3.6188888888888897,0.9066666666666667,8,261,40,4,4979030
holdout/control/skip-splitter-fast,3933482550,VICTORY,10.12055555555556,6.132777777777779,3.987777777777781,1.2797222222222233,10,252,40,4,4961168
holdout/control/skip-splitter-fast,87592255,VICTORY,10.436111111111112,7.6511111111111125,2.7849999999999993,1.2647222222222223,10,230,40,4,6345665
holdout/control/skip-splitter-fast,3290512467,VICTORY,10.570833333333335,7.565000000000002,3.0058333333333325,2.6294444444444443,9,246,40,4,8540772
holdout/control/skip-splitter-fast,3605578334,VICTORY,14.300277777777778,11.24638888888889,3.0538888888888884,3.4908333333333337,15,274,40,4,5078746
holdout/control/skip-splitter-fast,261375188,VICTORY,9.099722222222221,6.178055555555556,2.921666666666665,1.2455555555555562,9,212,40,4,8653354
holdout/control/skip-splitter-fast,1978391667,VICTORY,13.726944444444444,10.435,3.291944444444443,2.3855555555555554,12,302,40,4,2328477
holdout/control/skip-splitter-fast,1952071755,VICTORY,7.814444444444446,4.853055555555557,2.961388888888889,0.691111111111111,8,190,40,4,6649620
holdout/control/skip-splitter-fast,3436814048,VICTORY,11.711388888888889,8.556944444444444,3.1544444444444455,1.858611111111112,9,272,40,4,3369046
holdout/control/skip-splitter-fast,2961580164,VICTORY,15.280833333333332,11.979444444444443,3.301388888888889,2.551666666666665,10,299,40,4,7530762
holdout/control/skip-splitter-fast,3067047884,VICTORY,10.517777777777777,7.554444444444443,2.963333333333334,1.01888888888889,12,237,40,4,5553500
holdout/control/skip-splitter-fast,3036064396,VICTORY,10.6175,7.611111111111112,3.006388888888888,0.954166666666667,12,228,40,4,5944488
holdout/control/skip-splitter-fast,2651358019,VICTORY,11.98611111111111,9.16194444444444,2.8241666666666703,2.1575000000000006,16,250,40,4,5528921
holdout/control/skip-splitter-fast,275053095,VICTORY,11.46694444444444,8.018055555555552,3.448888888888888,1.0258333333333334,9,269,40,4,7158335
holdout/control/skip-splitter-fast,1822707814,VICTORY,15.341666666666665,11.395555555555552,3.9461111111111133,3.08861111111111,11,355,40,4,3215234
holdout/control/skip-splitter-fast,4098575756,VICTORY,12.19611111111111,9.367222222222221,2.828888888888889,1.3036111111111106,10,302,40,4,2011397
holdout/control/skip-splitter-fast,23204127,VICTORY,11.166666666666666,8.766388888888887,2.400277777777779,1.466388888888889,10,224,40,4,9235748
holdout/control/skip-splitter-fast,2336935107,VICTORY,9.185555555555558,5.466666666666667,3.718888888888891,0.996666666666667,12,225,40,4,6371171
holdout/control/skip-splitter-fast,1871712886,VICTORY,10.364166666666668,7.305555555555556,3.0586111111111114,1.9874999999999998,9,222,40,4,12135206
holdout/control/skip-splitter-fast,2209846596,VICTORY,9.791666666666666,6.787222222222222,3.0044444444444443,1.3850000000000016,8,231,40,4,5582017
holdout/control/skip-splitter-fast,1096528127,VICTORY,10.205555555555552,7.1180555555555545,3.0874999999999977,0.8747222222222222,12,222,40,4,3110040
holdout/coupled/cheapest-fast,2125682209,VICTORY,11.258611111111113,7.206944444444446,4.051666666666668,1.02,13,280,41,4,5818481
holdout/coupled/cheapest-fast,3169718451,VICTORY,11.376388888888888,7.372222222222221,4.004166666666667,1.314166666666666,9,293,41,4,5933151
holdout/coupled/cheapest-fast,2070528989,VICTORY,10.262500000000001,6.809166666666668,3.453333333333333,1.3777777777777782,8,258,41,4,5437273
holdout/coupled/cheapest-fast,3185812470,VICTORY,12.74638888888889,9.048611111111109,3.6977777777777803,1.5258333333333312,10,315,41,4,6812166
holdout/coupled/cheapest-fast,1025868355,VICTORY,13.358055555555554,8.882777777777779,4.475277777777775,1.4816666666666656,9,342,41,4,1429987
holdout/coupled/cheapest-fast,1950646221,VICTORY,10.489444444444443,6.2222222222222205,4.267222222222222,1.1191666666666666,5,319,41,4,7905509
holdout/coupled/cheapest-fast,72176648,VICTORY,14.313888888888881,10.75194444444444,3.561944444444441,2.3505555555555553,11,315,41,4,3680514
holdout/coupled/cheapest-fast,1329398392,VICTORY,13.596111111111115,9.729166666666666,3.8669444444444494,1.6197222222222232,10,320,41,4,1950665
holdout/coupled/cheapest-fast,3475578780,VICTORY,12.866666666666667,9.069166666666664,3.797500000000003,2.4497222222222224,10,308,41,4,3121555
holdout/coupled/cheapest-fast,1053598869,VICTORY,9.95777777777778,6.110277777777779,3.847500000000001,2.0561111111111114,8,279,41,4,5080233
holdout/coupled/cheapest-fast,1405426730,VICTORY,11.219722222222224,7.720833333333332,3.4988888888888914,1.405555555555555,11,246,41,4,6309559
holdout/coupled/cheapest-fast,391620004,VICTORY,9.992222222222221,5.8791666666666655,4.1130555555555555,1.1472222222222221,8,285,41,4,4477970
holdout/coupled/cheapest-fast,3933482550,VICTORY,11.733055555555556,7.538888888888889,4.194166666666667,1.2797222222222233,10,298,41,4,3863976
holdout/coupled/cheapest-fast,87592255,VICTORY,12.136111111111115,7.476666666666668,4.659444444444446,1.2647222222222223,10,304,41,4,5217295
holdout/coupled/cheapest-fast,3290512467,VICTORY,11.226111111111113,7.310833333333335,3.915277777777778,2.6294444444444443,9,289,41,4,625984
holdout/coupled/cheapest-fast,3605578334,VICTORY,14.493055555555554,10.754166666666666,3.738888888888887,3.4908333333333337,15,297,41,4,4727428
holdout/coupled/cheapest-fast,261375188,VICTORY,9.811111111111112,6.096388888888888,3.714722222222224,1.2455555555555562,9,246,41,4,2424249
holdout/coupled/cheapest-fast,1978391667,VICTORY,14.17333333333333,10.626666666666665,3.546666666666665,2.3855555555555554,12,329,41,4,2517757
holdout/coupled/cheapest-fast,1952071755,VICTORY,7.960833333333332,4.118611111111111,3.8422222222222207,0.691111111111111,8,228,41,4,3047271
holdout/coupled/cheapest-fast,3436814048,VICTORY,12.163055555555559,7.56,4.603055555555559,1.858611111111112,9,309,41,4,1010627
holdout/coupled/cheapest-fast,2961580164,VICTORY,16.78166666666666,11.991944444444442,4.789722222222217,2.551666666666665,10,318,41,4,1094895
holdout/coupled/cheapest-fast,3067047884,VICTORY,11.695555555555554,7.643333333333333,4.0522222222222215,1.01888888888889,12,289,41,4,6691137
holdout/coupled/cheapest-fast,3036064396,VICTORY,11.649444444444443,7.485833333333334,4.163611111111109,0.954166666666667,12,284,41,4,2410962
holdout/coupled/cheapest-fast,2651358019,VICTORY,13.396111111111109,9.154166666666667,4.241944444444442,2.1575000000000006,16,309,41,4,6286202
holdout/coupled/cheapest-fast,275053095,VICTORY,11.845555555555553,7.09833333333333,4.747222222222223,1.0258333333333334,9,309,41,4,1186590
holdout/coupled/cheapest-fast,1822707814,VICTORY,14.167499999999995,8.934166666666666,5.233333333333329,3.08861111111111,10,368,41,4,1741178
holdout/coupled/cheapest-fast,4098575756,VICTORY,13.231666666666667,8.228055555555555,5.003611111111113,1.6241666666666674,10,368,41,4,6308618
holdout/coupled/cheapest-fast,23204127,VICTORY,12.510555555555557,8.88583333333333,3.6247222222222266,1.466388888888889,10,306,41,4,5668326
holdout/coupled/cheapest-fast,2336935107,VICTORY,10.958333333333336,5.4875,5.470833333333336,0.9169444444444448,12,340,41,4,4492726
holdout/coupled/cheapest-fast,1871712886,VICTORY,11.313333333333333,7.198888888888889,4.114444444444444,1.9874999999999998,9,270,41,4,977037
holdout/coupled/cheapest-fast,2209846596,VICTORY,10.624722222222223,6.9655555555555555,3.6591666666666676,1.3850000000000016,8,272,41,4,7795421
holdout/coupled/cheapest-fast,1096528127,VICTORY,11.550833333333333,7.307777777777776,4.243055555555557,0.8747222222222222,12,277,41,4,3492991
holdout/coupled/income-path-fast,2125682209,VICTORY,15.852500000000008,13.14722222222223,2.705277777777779,4.367777777777778,9,360,37,3,4382395
holdout/coupled/income-path-fast,3169718451,VICTORY,14.312499999999996,11.348888888888887,2.96361111111111,1.4366666666666665,9,335,37,3,2073862
holdout/coupled/income-path-fast,2070528989,VICTORY,13.190555555555557,10.025555555555554,3.1650000000000027,1.5744444444444428,12,309,37,3,2566964
holdout/coupled/income-path-fast,3185812470,VICTORY,14.49333333333333,11.33111111111111,3.162222222222221,1.6397222222222219,13,318,37,3,461937
holdout/coupled/income-path-fast,1025868355,VICTORY,16.331666666666663,12.534722222222221,3.796944444444442,3.4997222222222226,8,391,37,3,4818242
holdout/coupled/income-path-fast,1950646221,VICTORY,16.78833333333334,12.476944444444449,4.311388888888892,3.4144444444444457,13,409,37,3,4468009
holdout/coupled/income-path-fast,72176648,VICTORY,13.878888888888882,10.862222222222217,3.0166666666666657,1.7427777777777766,9,304,37,3,5212164
holdout/coupled/income-path-fast,1329398392,VICTORY,16.13166666666667,12.86916666666667,3.262500000000001,2.8652777777777785,13,381,37,3,1042684
holdout/coupled/income-path-fast,3475578780,VICTORY,16.28194444444444,12.614166666666664,3.6677777777777774,2.1552777777777776,7,403,37,3,2227291
holdout/coupled/income-path-fast,1053598869,VICTORY,14.152499999999998,11.29472222222222,2.8577777777777786,2.1752777777777776,9,330,37,3,891672
holdout/coupled/income-path-fast,1405426730,VICTORY,10.678333333333335,7.879444444444446,2.7988888888888885,1.049722222222222,10,243,37,3,1014505
holdout/coupled/income-path-fast,391620004,VICTORY,15.813333333333336,11.636111111111113,4.177222222222223,1.416944444444444,8,393,37,3,6607124
holdout/coupled/income-path-fast,3933482550,VICTORY,10.920555555555556,7.2813888888888885,3.639166666666667,1.099166666666668,12,279,37,3,6625634
holdout/coupled/income-path-fast,87592255,VICTORY,16.716666666666672,12.33611111111111,4.380555555555562,3.757222222222222,12,409,37,3,5872968
holdout/coupled/income-path-fast,3290512467,VICTORY,11.695277777777779,7.317777777777778,4.377500000000001,1.8258333333333332,7,322,37,3,958519
holdout/coupled/income-path-fast,3605578334,VICTORY,18.425,15.137222222222226,3.287777777777775,2.3430555555555563,9,393,37,3,2723716
holdout/coupled/income-path-fast,261375188,VICTORY,12.531388888888888,9.32722222222222,3.2041666666666675,1.6083333333333325,14,299,37,3,5159193
holdout/coupled/income-path-fast,1978391667,VICTORY,21.37611111111112,17.485277777777778,3.8908333333333402,2.9144444444444453,10,440,37,3,6268654
holdout/coupled/income-path-fast,1952071755,VICTORY,7.523888888888889,4.299722222222223,3.224166666666666,0.6944444444444444,9,230,37,3,6036828
holdout/coupled/income-path-fast,3436814048,VICTORY,13.878888888888895,11.095555555555562,2.783333333333333,2.5502777777777785,7,305,37,3,5219605
holdout/coupled/income-path-fast,2961580164,VICTORY,14.057499999999996,10.534999999999995,3.522500000000001,2.1969444444444446,10,347,37,3,819985
holdout/coupled/income-path-fast,3067047884,VICTORY,12.174166666666666,8.679722222222221,3.4944444444444454,1.1811111111111101,10,289,37,3,1605173
holdout/coupled/income-path-fast,3036064396,VICTORY,13.242777777777775,9.304444444444442,3.9383333333333326,1.5166666666666662,10,285,37,3,1628194
holdout/coupled/income-path-fast,2651358019,VICTORY,13.881666666666666,10.14861111111111,3.7330555555555556,2.784166666666667,9,345,37,3,3812296
holdout/coupled/income-path-fast,275053095,VICTORY,17.87416666666667,14.420833333333333,3.4533333333333385,1.87,9,392,37,3,9851
holdout/coupled/income-path-fast,1822707814,VICTORY,15.052500000000004,11.175555555555556,3.8769444444444474,2.1255555555555556,13,381,37,3,3512869
holdout/coupled/income-path-fast,4098575756,VICTORY,15.473888888888895,11.384722222222226,4.089166666666669,1.4774999999999996,8,352,37,3,5436041
holdout/coupled/income-path-fast,23204127,VICTORY,21.46166666666668,18.241388888888896,3.2202777777777847,4.44388888888889,14,460,37,3,1676346
holdout/coupled/income-path-fast,2336935107,VICTORY,14.059444444444441,9.451666666666664,4.607777777777777,2.0586111111111105,11,347,37,3,8055983
holdout/coupled/income-path-fast,1871712886,VICTORY,11.151388888888887,8.14472222222222,3.006666666666666,1.1300000000000003,14,266,37,3,507558
holdout/coupled/income-path-fast,2209846596,VICTORY,15.685833333333337,11.861944444444447,3.82388888888889,3.395555555555556,5,366,37,3,3094777
holdout/coupled/income-path-fast,1096528127,VICTORY,10.885833333333334,7.359444444444446,3.5263888888888886,0.7086111111111111,12,281,37,3,3720908
holdout/coupled/income-path-insurance-fast,2125682209,VICTORY,15.934722222222215,13.075277777777773,2.859444444444442,2.5797222222222227,13,324,40,3,3107189
holdout/coupled/income-path-insurance-fast,3169718451,VICTORY,18.203333333333337,14.126666666666669,4.076666666666668,5.153888888888889,15,406,40,3,1466499
holdout/coupled/income-path-insurance-fast,2070528989,VICTORY,16.767222222222227,13.353888888888893,3.413333333333334,1.7508333333333344,11,367,40,3,2525918
holdout/coupled/income-path-insurance-fast,3185812470,VICTORY,16.473055555555554,13.766666666666664,2.70638888888889,1.226388888888889,13,373,40,3,899108
holdout/coupled/income-path-insurance-fast,1025868355,VICTORY,17.75583333333333,13.18388888888889,4.571944444444442,3.7427777777777775,10,384,40,3,1703608
holdout/coupled/income-path-insurance-fast,1950646221,VICTORY,13.159444444444443,9.737222222222222,3.4222222222222207,1.418333333333333,9,288,40,3,344657
holdout/coupled/income-path-insurance-fast,72176648,VICTORY,13.904166666666665,10.870000000000001,3.034166666666664,2.8105555555555553,9,324,40,3,6363268
holdout/coupled/income-path-insurance-fast,1329398392,VICTORY,15.372777777777777,12.060555555555554,3.312222222222223,1.2738888888888873,11,326,40,3,808202
holdout/coupled/income-path-insurance-fast,3475578780,VICTORY,13.783333333333331,9.712777777777776,4.070555555555556,3.0791666666666666,9,355,40,3,1112720
holdout/coupled/income-path-insurance-fast,1053598869,VICTORY,12.339444444444446,8.553333333333335,3.7861111111111114,2.065277777777777,11,298,40,3,4617313
holdout/coupled/income-path-insurance-fast,1405426730,VICTORY,19.45222222222223,16.482500000000005,2.9697222222222237,3.91888888888889,13,418,40,3,2489848
holdout/coupled/income-path-insurance-fast,391620004,VICTORY,20.533055555555553,16.74,3.7930555555555543,3.410000000000001,12,443,40,3,735263
holdout/coupled/income-path-insurance-fast,3933482550,VICTORY,23.753333333333334,20.05472222222222,3.698611111111113,4.236666666666666,23,479,40,3,316642
holdout/coupled/income-path-insurance-fast,87592255,VICTORY,23.95555555555556,20.835277777777776,3.1202777777777833,4.987777777777779,17,499,40,3,6341944
holdout/coupled/income-path-insurance-fast,3290512467,VICTORY,18.40583333333333,15.052777777777775,3.353055555555555,2.089166666666667,11,438,40,3,3572611
holdout/coupled/income-path-insurance-fast,3605578334,VICTORY,13.86277777777778,10.494444444444447,3.3683333333333323,1.316111111111111,11,311,40,3,5659975
holdout/coupled/income-path-insurance-fast,261375188,VICTORY,13.094999999999999,9.731666666666664,3.363333333333335,3.0744444444444445,9,315,40,3,5561599
holdout/coupled/income-path-insurance-fast,1978391667,VICTORY,25.11027777777779,21.87472222222223,3.2355555555555604,6.116944444444446,15,507,40,3,938899
holdout/coupled/income-path-insurance-fast,1952071755,VICTORY,12.409722222222218,9.448888888888886,2.9608333333333317,1.2816666666666672,8,306,40,3,5907678
holdout/coupled/income-path-insurance-fast,3436814048,VICTORY,9.154999999999998,5.761666666666667,3.393333333333331,1.125277777777778,10,220,40,3,8495768
holdout/coupled/income-path-insurance-fast,2961580164,VICTORY,20.837777777777774,18.1275,2.7102777777777725,4.700833333333334,13,440,40,3,6583948
holdout/coupled/income-path-insurance-fast,3067047884,VICTORY,12.024444444444445,8.707500000000001,3.3169444444444434,0.9797222222222222,11,290,40,3,5011452
holdout/coupled/income-path-insurance-fast,3036064396,VICTORY,13.899722222222227,10.206944444444446,3.6927777777777813,2.6430555555555553,15,323,40,3,3023018
holdout/coupled/income-path-insurance-fast,2651358019,VICTORY,22.132777777777775,19.1725,2.960277777777776,4.636666666666668,16,420,40,3,7708695
holdout/coupled/income-path-insurance-fast,275053095,VICTORY,10.777777777777777,7.804444444444444,2.9733333333333327,1.8388888888888886,13,236,40,3,1309323
holdout/coupled/income-path-insurance-fast,1822707814,VICTORY,19.963055555555563,15.708055555555559,4.255000000000004,2.296666666666667,17,445,40,3,3731522
holdout/coupled/income-path-insurance-fast,4098575756,VICTORY,13.819722222222216,10.639999999999997,3.1797222222222192,1.5500000000000025,10,320,40,3,5651837
holdout/coupled/income-path-insurance-fast,23204127,VICTORY,13.060833333333337,9.778055555555557,3.2827777777777793,1.2588888888888894,12,305,40,3,2482158
holdout/coupled/income-path-insurance-fast,2336935107,VICTORY,20.28805555555555,16.939722222222215,3.3483333333333363,1.7422222222222192,13,417,40,3,2469394
holdout/coupled/income-path-insurance-fast,1871712886,VICTORY,10.695555555555556,7.212500000000001,3.4830555555555547,1.5,9,252,40,3,2525128
holdout/coupled/income-path-insurance-fast,2209846596,VICTORY,18.610833333333336,15.763611111111112,2.847222222222223,3.4877777777777768,10,406,40,3,4645326
holdout/coupled/income-path-insurance-fast,1096528127,VICTORY,19.444444444444443,15.210833333333333,4.233611111111109,2.201944444444443,11,434,40,3,423853
holdout/coupled/insurance-first-fast,2125682209,VICTORY,13.496944444444443,9.223055555555556,4.273888888888887,1.419166666666667,10,342,44,4,1348202
holdout/coupled/insurance-first-fast,3169718451,VICTORY,10.73861111111111,6.746944444444442,3.991666666666668,0.8347222222222221,9,293,44,4,2918125
holdout/coupled/insurance-first-fast,2070528989,VICTORY,11.446388888888889,7.874166666666667,3.572222222222221,1.413333333333334,9,271,44,4,3442139
holdout/coupled/insurance-first-fast,3185812470,VICTORY,12.295833333333333,8.048333333333334,4.247499999999999,1.5663888888888895,8,306,44,4,9919525
holdout/coupled/insurance-first-fast,1025868355,VICTORY,14.724722222222223,10.191666666666665,4.533055555555558,1.373055555555558,10,349,44,4,6397118
holdout/coupled/insurance-first-fast,1950646221,VICTORY,10.786111111111113,6.924722222222224,3.8613888888888894,1.4772222222222222,9,271,44,4,1177785
holdout/coupled/insurance-first-fast,72176648,VICTORY,13.99638888888889,10.247499999999997,3.7488888888888923,1.488888888888888,9,328,44,4,8393777
holdout/coupled/insurance-first-fast,1329398392,VICTORY,13.014166666666664,9.043333333333331,3.970833333333333,1.4083333333333323,16,313,44,4,6254235
holdout/coupled/insurance-first-fast,3475578780,VICTORY,13.871944444444447,9.335833333333332,4.536111111111115,1.7972222222222216,10,327,44,4,6252310
holdout/coupled/insurance-first-fast,1053598869,VICTORY,9.083333333333334,4.943055555555556,4.1402777777777775,1.467777777777778,7,254,44,4,1213782
holdout/coupled/insurance-first-fast,1405426730,VICTORY,10.613055555555555,7.779999999999999,2.833055555555555,0.9830555555555556,10,225,44,4,4896823
holdout/coupled/insurance-first-fast,391620004,VICTORY,8.995555555555551,5.1099999999999985,3.8855555555555528,1.615277777777778,9,248,44,4,3097348
holdout/coupled/insurance-first-fast,3933482550,VICTORY,11.863055555555553,7.7252777777777775,4.137777777777775,1.4644444444444447,11,290,44,4,4321747
holdout/coupled/insurance-first-fast,87592255,VICTORY,10.989722222222223,6.463055555555555,4.526666666666668,1.712777777777776,10,283,44,4,1246092
holdout/coupled/insurance-first-fast,3290512467,VICTORY,10.059722222222222,5.639444444444445,4.420277777777777,1.2308333333333328,10,267,44,4,2576026
holdout/coupled/insurance-first-fast,3605578334,VICTORY,12.564166666666667,8.828611111111112,3.735555555555555,1.5983333333333336,13,299,44,4,856023
holdout/coupled/insurance-first-fast,261375188,VICTORY,10.018055555555554,6.155277777777777,3.8627777777777768,0.9427777777777777,9,262,44,4,1310070
holdout/coupled/insurance-first-fast,1978391667,VICTORY,11.962777777777776,7.687777777777778,4.274999999999998,1.4027777777777795,11,291,44,4,4118745
holdout/coupled/insurance-first-fast,1952071755,VICTORY,8.124722222222221,4.6736111111111125,3.451111111111109,0.8033333333333337,8,233,44,4,201569
holdout/coupled/insurance-first-fast,3436814048,VICTORY,11.518888888888888,6.563333333333334,4.955555555555554,0.7219444444444463,13,305,44,4,2351472
holdout/coupled/insurance-first-fast,2961580164,VICTORY,11.778055555555552,7.824722222222219,3.953333333333333,1.4588888888888878,11,288,44,4,3893563
holdout/coupled/insurance-first-fast,3067047884,VICTORY,8.76777777777778,4.939722222222222,3.828055555555559,1.0327777777777776,10,257,44,4,6198347
holdout/coupled/insurance-first-fast,3036064396,VICTORY,11.247222222222224,7.300555555555556,3.946666666666667,1.1586111111111104,12,277,44,4,181562
holdout/coupled/insurance-first-fast,2651358019,VICTORY,15.283611111111117,11.461388888888894,3.822222222222223,1.5933333333333355,14,352,44,4,3404163
holdout/coupled/insurance-first-fast,275053095,VICTORY,10.9325,6.458055555555554,4.474444444444445,0.7805555555555554,11,307,44,4,2431657
holdout/coupled/insurance-first-fast,1822707814,VICTORY,9.358055555555556,5.901111111111111,3.456944444444445,0.6405555555555555,11,241,44,4,480629
holdout/coupled/insurance-first-fast,4098575756,VICTORY,14.138055555555555,9.688333333333333,4.449722222222222,1.0055555555555573,13,338,44,4,1372865
holdout/coupled/insurance-first-fast,23204127,VICTORY,9.452222222222222,6.285833333333332,3.16638888888889,0.9383333333333344,11,250,44,4,1701283
holdout/coupled/insurance-first-fast,2336935107,VICTORY,11.9875,5.431944444444444,6.555555555555557,0.9036111111111111,9,347,44,4,4517839
holdout/coupled/insurance-first-fast,1871712886,BARRY_LOSS,6.409166666666667,,,2.087222222222222,11,62,23,1,4213
holdout/coupled/insurance-first-fast,2209846596,VICTORY,10.117222222222221,7.085555555555557,3.0316666666666636,0.9691666666666667,7,248,44,4,6065810
holdout/coupled/insurance-first-fast,1096528127,VICTORY,11.171666666666665,7.284166666666665,3.8875,1.1005555555555555,11,280,44,4,8971470
holdout/coupled/skip-splitter-fast,2125682209,VICTORY,10.79888888888889,7.206944444444446,3.5919444444444437,1.02,13,259,40,4,1561683
holdout/coupled/skip-splitter-fast,3169718451,VICTORY,11.093888888888888,7.372222222222221,3.7216666666666667,1.314166666666666,9,276,40,4,2559073
holdout/coupled/skip-splitter-fast,2070528989,VICTORY,10.005277777777781,6.809166666666668,3.1961111111111133,1.3777777777777782,8,243,40,4,1911695
holdout/coupled/skip-splitter-fast,3185812470,VICTORY,12.481944444444444,9.048611111111109,3.4333333333333353,1.5258333333333312,10,304,40,4,3918986
holdout/coupled/skip-splitter-fast,1025868355,VICTORY,13.195833333333331,8.882777777777779,4.313055555555552,1.4816666666666656,9,336,40,4,7259797
holdout/coupled/skip-splitter-fast,1950646221,VICTORY,10.311388888888887,6.2222222222222205,4.089166666666666,1.1191666666666666,5,313,40,4,8172801
holdout/coupled/skip-splitter-fast,72176648,VICTORY,13.992777777777771,10.75194444444444,3.240833333333331,2.3505555555555553,11,302,40,4,958478
holdout/coupled/skip-splitter-fast,1329398392,VICTORY,13.437500000000004,9.729166666666666,3.7083333333333375,1.6197222222222232,10,317,40,4,8235063
holdout/coupled/skip-splitter-fast,3475578780,VICTORY,12.711666666666666,9.069166666666664,3.642500000000002,2.4497222222222224,10,301,40,4,6027721
holdout/coupled/skip-splitter-fast,1053598869,VICTORY,9.641111111111114,6.110277777777779,3.5308333333333346,2.0561111111111114,8,262,40,4,3719673
holdout/coupled/skip-splitter-fast,1405426730,VICTORY,10.65111111111111,7.720833333333332,2.9302777777777775,1.405555555555555,11,222,40,4,2704738
holdout/coupled/skip-splitter-fast,391620004,VICTORY,9.80111111111111,5.8791666666666655,3.9219444444444447,1.1472222222222221,8,273,40,4,3658790
holdout/coupled/skip-splitter-fast,3933482550,VICTORY,11.405000000000001,7.538888888888889,3.8661111111111124,1.2797222222222233,10,283,40,4,6622198
holdout/coupled/skip-splitter-fast,87592255,VICTORY,11.763333333333339,7.476666666666668,4.286666666666671,1.2647222222222223,10,285,40,4,4639959
holdout/coupled/skip-splitter-fast,3290512467,VICTORY,11.156666666666668,7.310833333333335,3.845833333333333,2.6294444444444443,9,286,40,4,2978096
holdout/coupled/skip-splitter-fast,3605578334,VICTORY,14.210555555555555,10.754166666666666,3.4563888888888883,3.4908333333333337,15,284,40,4,1839702
holdout/coupled/skip-splitter-fast,261375188,VICTORY,9.22777777777778,6.096388888888888,3.1313888888888917,1.2455555555555562,9,223,40,4,849977
holdout/coupled/skip-splitter-fast,1978391667,VICTORY,14.106944444444444,10.626666666666665,3.480277777777779,2.3855555555555554,12,325,40,4,11299817
holdout/coupled/skip-splitter-fast,1952071755,VICTORY,7.708055555555555,4.118611111111111,3.589444444444444,0.691111111111111,8,215,40,4,9371441
holdout/coupled/skip-splitter-fast,3436814048,VICTORY,11.969444444444445,7.56,4.409444444444445,1.858611111111112,9,297,40,4,3287177
holdout/coupled/skip-splitter-fast,2961580164,VICTORY,16.57277777777777,11.991944444444442,4.580833333333327,2.551666666666665,10,306,40,4,4172989
holdout/coupled/skip-splitter-fast,3067047884,VICTORY,11.207777777777778,7.643333333333333,3.5644444444444456,1.01888888888889,12,265,40,4,2711081
holdout/coupled/skip-splitter-fast,3036064396,VICTORY,11.326666666666664,7.485833333333334,3.8408333333333307,0.954166666666667,12,266,40,4,7259052
holdout/coupled/skip-splitter-fast,2651358019,VICTORY,13.036666666666665,9.154166666666667,3.8824999999999985,2.1575000000000006,16,293,40,4,291440
holdout/coupled/skip-splitter-fast,275053095,VICTORY,11.327777777777774,7.09833333333333,4.229444444444444,1.0258333333333334,9,278,40,4,1062590
holdout/coupled/skip-splitter-fast,1822707814,VICTORY,13.937499999999996,8.934166666666666,5.00333333333333,3.08861111111111,10,359,40,4,4223558
holdout/coupled/skip-splitter-fast,4098575756,VICTORY,13.046944444444446,8.228055555555555,4.818888888888891,1.6241666666666674,10,363,40,4,12057874
holdout/coupled/skip-splitter-fast,23204127,VICTORY,12.396944444444447,8.88583333333333,3.5111111111111164,1.466388888888889,10,300,40,4,9320398
holdout/coupled/skip-splitter-fast,2336935107,VICTORY,10.689444444444446,5.4875,5.201944444444446,0.9169444444444448,12,327,40,4,5994746
holdout/coupled/skip-splitter-fast,1871712886,VICTORY,11.104166666666664,7.198888888888889,3.9052777777777754,1.9874999999999998,9,262,40,4,4601697
holdout/coupled/skip-splitter-fast,2209846596,VICTORY,9.970833333333333,6.9655555555555555,3.0052777777777777,1.3850000000000016,8,248,40,4,439283
holdout/coupled/skip-splitter-fast,1096528127,VICTORY,11.493888888888886,7.307777777777776,4.18611111111111,0.8747222222222222,12,275,40,4,9636795
ordinary/control/cheapest-ordinary,2125682209,VICTORY,16.794444444444444,12.7875,4.006944444444445,1.5891666666666673,10,245,41,4,2641583
ordinary/control/cheapest-ordinary,3169718451,VICTORY,13.545,8.80861111111111,4.736388888888889,1.4205555555555551,8,239,41,4,2281619
ordinary/control/cheapest-ordinary,2070528989,VICTORY,16.190555555555555,11.973611111111113,4.216944444444442,2.159722222222223,12,241,41,4,3731259
ordinary/control/cheapest-ordinary,3185812470,VICTORY,19.420833333333334,14.191666666666666,5.229166666666668,2.3433333333333337,10,309,41,4,1826020
ordinary/control/cheapest-ordinary,1025868355,VICTORY,18.931944444444444,12.856666666666664,6.07527777777778,2.0941666666666636,9,346,41,4,10997066
ordinary/control/cheapest-ordinary,1950646221,VICTORY,11.12722222222222,6.342499999999999,4.784722222222221,1.506388888888889,5,229,41,4,4380733
ordinary/control/cheapest-ordinary,72176648,VICTORY,20.647499999999997,17.050833333333333,3.596666666666664,2.2202777777777776,12,275,41,4,7054487
ordinary/control/cheapest-ordinary,1329398392,VICTORY,21.516944444444448,17.334999999999997,4.181944444444451,2.2188888888888894,14,306,41,4,424118
ordinary/control/cheapest-ordinary,3475578780,VICTORY,17.247777777777774,11.964166666666666,5.283611111111108,2.5238888888888855,9,275,41,4,190967
ordinary/control/cheapest-ordinary,1053598869,VICTORY,13.15638888888889,7.6875,5.468888888888889,1.688611111111111,9,232,41,4,6129927
ordinary/control/cheapest-ordinary,1405426730,VICTORY,16.68722222222222,12.569722222222223,4.117499999999998,1.9883333333333333,10,249,41,4,10147956
ordinary/control/cheapest-ordinary,391620004,VICTORY,16.244444444444447,12.256666666666668,3.9877777777777794,1.5500000000000007,6,283,41,4,6895601
ordinary/control/cheapest-ordinary,3933482550,VICTORY,16.327222222222225,11.473333333333334,4.853888888888891,1.7200000000000006,8,270,41,4,11321965
ordinary/control/cheapest-ordinary,87592255,VICTORY,19.495277777777776,14.651388888888887,4.843888888888889,1.5286111111111114,13,286,41,4,1488313
ordinary/control/cheapest-ordinary,3290512467,VICTORY,14.523611111111109,9.286944444444446,5.236666666666663,1.651388888888889,10,260,41,4,11810696
ordinary/control/cheapest-ordinary,3605578334,VICTORY,17.950555555555557,13.316944444444449,4.633611111111108,1.8202777777777779,10,278,41,4,11758589
ordinary/coupled/cheapest-ordinary,2125682209,VICTORY,18.940833333333334,13.272499999999999,5.668333333333335,1.5891666666666673,10,319,41,4,2724431
ordinary/coupled/cheapest-ordinary,3169718451,VICTORY,14.872222222222224,9.514722222222222,5.357500000000002,1.4205555555555551,8,290,41,4,4666294
ordinary/coupled/cheapest-ordinary,2070528989,VICTORY,17.03972222222222,11.8625,5.17722222222222,2.159722222222223,12,278,41,4,9176678
ordinary/coupled/cheapest-ordinary,3185812470,VICTORY,19.623055555555553,15.152499999999998,4.4705555555555545,1.9194444444444443,11,303,41,4,1033426
ordinary/coupled/cheapest-ordinary,1025868355,VICTORY,18.408055555555553,13.014999999999997,5.393055555555556,2.0941666666666636,9,344,41,4,2182434
ordinary/coupled/cheapest-ordinary,1950646221,VICTORY,12.074722222222222,6.679722222222222,5.3950000000000005,1.2911111111111113,5,263,41,4,3771784
ordinary/coupled/cheapest-ordinary,72176648,VICTORY,22.349166666666665,17.773333333333333,4.575833333333332,2.2202777777777776,12,320,41,4,3626775
ordinary/coupled/cheapest-ordinary,1329398392,VICTORY,22.845277777777778,16.715555555555554,6.129722222222224,2.2188888888888894,14,335,41,4,1500961
ordinary/coupled/cheapest-ordinary,3475578780,VICTORY,17.693888888888885,12.407777777777774,5.286111111111111,2.5238888888888855,9,311,41,4,5467412
ordinary/coupled/cheapest-ordinary,1053598869,VICTORY,13.458055555555555,7.283333333333333,6.174722222222222,1.688611111111111,9,280,41,4,5391127
ordinary/coupled/cheapest-ordinary,1405426730,VICTORY,15.701944444444445,11.795277777777779,3.9066666666666663,1.9883333333333333,10,226,41,4,1840945
ordinary/coupled/cheapest-ordinary,391620004,VICTORY,17.88277777777778,12.734999999999998,5.147777777777781,1.9177777777777774,6,319,41,4,1283649
ordinary/coupled/cheapest-ordinary,3933482550,VICTORY,17.342222222222222,12.205833333333336,5.136388888888886,1.7200000000000006,8,298,41,4,5408877
ordinary/coupled/cheapest-ordinary,87592255,VICTORY,19.596944444444443,13.366666666666667,6.230277777777776,1.5286111111111114,13,308,41,4,7072062
ordinary/coupled/cheapest-ordinary,3290512467,VICTORY,15.76472222222222,9.453888888888889,6.310833333333331,1.651388888888889,10,288,41,4,5949487
ordinary/coupled/cheapest-ordinary,3605578334,VICTORY,18.465,13.218333333333335,5.246666666666664,1.8202777777777779,10,302,41,4,4833424
selection/caps-only/cheapest-fast,1798193508,VICTORY,17.479166666666668,11.913333333333334,5.565833333333334,1.7947222222222228,16,416,41,4,1072133
selection/caps-only/cheapest-fast,1277428555,VICTORY,10.86277777777778,6.278333333333334,4.584444444444445,1.0633333333333328,7,287,41,4,5586151
selection/caps-only/cheapest-fast,3857149592,VICTORY,8.535833333333333,3.9849999999999994,4.550833333333333,0.6258333333333335,10,263,41,4,3247495
selection/caps-only/cheapest-fast,780816053,VICTORY,12.7675,8.60611111111111,4.16138888888889,1.9594444444444443,12,326,41,4,6717076
selection/caps-only/cheapest-fast,1793715836,VICTORY,15.773333333333335,11.49916666666667,4.274166666666666,1.7550000000000003,10,353,41,4,8012570
selection/caps-only/cheapest-fast,255309161,VICTORY,15.583333333333336,9.892500000000002,5.690833333333334,1.1041666666666667,11,428,41,4,1213228
selection/caps-only/cheapest-fast,1032183712,VICTORY,12.500277777777775,8.009166666666665,4.49111111111111,1.6625,8,342,41,4,5039484
selection/caps-only/cheapest-fast,2256459561,VICTORY,11.988055555555553,7.153333333333333,4.8347222222222195,1.8125000000000002,10,322,41,4,1937091
selection/caps-only/income-path-fast,1798193508,VICTORY,19.046111111111106,15.095555555555555,3.9505555555555514,2.046111111111111,10,513,37,3,2313546
selection/caps-only/income-path-fast,1277428555,VICTORY,15.854722222222225,12.615277777777777,3.239444444444448,2.38138888888889,12,369,36,3,1527285
selection/caps-only/income-path-fast,3857149592,VICTORY,14.561666666666666,9.923055555555557,4.638611111111109,1.3947222222222222,7,392,37,3,4832781
selection/caps-only/income-path-fast,780816053,VICTORY,15.113888888888887,12.166111111111112,2.947777777777775,2.8752777777777765,15,329,36,3,1417777
selection/caps-only/income-path-fast,1793715836,VICTORY,21.73416666666666,17.879999999999992,3.854166666666668,4.245277777777777,11,464,36,3,5794817
selection/caps-only/income-path-fast,255309161,VICTORY,13.617777777777786,9.02638888888889,4.591388888888895,1.573888888888889,13,351,37,3,1890337
selection/caps-only/income-path-fast,1032183712,VICTORY,15.710555555555548,12.954999999999993,2.7555555555555546,2.8177777777777777,12,335,36,3,2744397
selection/caps-only/income-path-fast,2256459561,VICTORY,14.843055555555555,9.104444444444445,5.73861111111111,1.7163888888888892,9,433,38,3,3236701
selection/caps-only/income-path-insurance-fast,1798193508,VICTORY,16.62055555555556,11.30888888888889,5.311666666666669,1.876388888888889,12,415,41,3,6390686
selection/caps-only/income-path-insurance-fast,1277428555,VICTORY,13.458888888888891,9.966666666666667,3.4922222222222246,1.5855555555555556,12,312,40,3,871904
selection/caps-only/income-path-insurance-fast,3857149592,VICTORY,15.686944444444448,11.3875,4.299444444444449,1.6261111111111108,11,380,40,3,1288244
selection/caps-only/income-path-insurance-fast,780816053,VICTORY,22.256666666666668,18.523888888888898,3.7327777777777698,6.310555555555557,14,512,39,3,4382811
selection/caps-only/income-path-insurance-fast,1793715836,VICTORY,15.232777777777779,11.239444444444445,3.993333333333334,2.812222222222222,10,341,40,3,624998
selection/caps-only/income-path-insurance-fast,255309161,VICTORY,21.605277777777772,17.671666666666667,3.933611111111105,5.163888888888889,19,463,39,3,6957841
selection/caps-only/income-path-insurance-fast,1032183712,VICTORY,11.722499999999998,8.281944444444441,3.440555555555557,1.8119444444444444,5,283,39,3,2230658
selection/caps-only/income-path-insurance-fast,2256459561,VICTORY,18.916388888888893,14.18055555555556,4.735833333333332,3.6438888888888896,10,467,39,3,942468
selection/control/cheapest-fast,1798193508,VICTORY,15.799722222222227,11.913333333333334,3.8863888888888933,1.7947222222222228,16,326,41,4,2367103
selection/control/cheapest-fast,1277428555,VICTORY,9.075277777777778,6.278333333333334,2.796944444444444,1.0633333333333328,7,204,41,4,2596985
selection/control/cheapest-fast,3857149592,VICTORY,6.91611111111111,3.9849999999999994,2.931111111111111,0.6258333333333335,10,181,41,4,4632182
selection/control/cheapest-fast,780816053,VICTORY,11.65222222222222,8.60611111111111,3.0461111111111094,1.9594444444444443,12,257,41,4,5063108
selection/control/cheapest-fast,1793715836,VICTORY,14.61666666666667,11.49916666666667,3.1175000000000015,1.7550000000000003,10,278,41,4,10335447
selection/control/cheapest-fast,255309161,VICTORY,14.154166666666669,9.898055555555556,4.256111111111112,1.1041666666666667,11,325,41,4,9990093
selection/control/cheapest-fast,1032183712,VICTORY,11.491944444444442,8.009166666666665,3.482777777777777,1.6625,8,273,41,4,5836735
selection/control/cheapest-fast,2256459561,VICTORY,10.981666666666666,7.153333333333333,3.8283333333333323,1.8125000000000002,10,256,41,4,2341099
selection/control/income-path-fast,1798193508,VICTORY,17.18361111111111,14.023333333333332,3.160277777777777,2.046111111111111,10,412,36,3,12269262
selection/control/income-path-fast,1277428555,VICTORY,15.353333333333335,12.615277777777777,2.738055555555558,2.38138888888889,12,328,37,3,14805381
selection/control/income-path-fast,3857149592,VICTORY,12.065000000000003,9.923055555555557,2.141944444444446,1.3947222222222222,7,262,36,3,2890168
selection/control/income-path-fast,780816053,VICTORY,14.365555555555556,12.170277777777779,2.195277777777777,2.8752777777777765,15,290,35,3,2416078
selection/control/income-path-fast,1793715836,VICTORY,20.562777777777775,17.879999999999992,2.6827777777777833,4.245277777777777,11,402,36,3,790003
selection/control/income-path-fast,255309161,VICTORY,12.984444444444447,9.02638888888889,3.958055555555557,1.573888888888889,13,308,37,3,1160326
selection/control/income-path-fast,1032183712,VICTORY,14.54888888888888,12.954999999999993,1.5938888888888876,2.8177777777777777,12,277,37,3,2881212
selection/control/income-path-fast,2256459561,VICTORY,12.536944444444446,9.104444444444445,3.432500000000001,1.7163888888888892,9,289,36,3,7559189
selection/control/income-path-insurance-fast,1798193508,VICTORY,14.295000000000009,11.290000000000001,3.005000000000008,1.876388888888889,12,327,40,3,10273586
selection/control/income-path-insurance-fast,1277428555,VICTORY,12.005555555555556,9.965,2.0405555555555566,1.5855555555555556,12,256,40,3,2998749
selection/control/income-path-insurance-fast,3857149592,VICTORY,14.551944444444443,11.75861111111111,2.793333333333333,1.6261111111111108,11,293,39,3,6779862
selection/control/income-path-insurance-fast,780816053,VICTORY,21.142222222222223,18.664444444444445,2.477777777777778,6.310555555555557,14,426,41,3,4831919
selection/control/income-path-insurance-fast,1793715836,VICTORY,14.085000000000003,11.239444444444445,2.845555555555558,2.812222222222222,10,278,40,3,2348460
selection/control/income-path-insurance-fast,255309161,VICTORY,20.199444444444445,17.684444444444445,2.5150000000000006,5.163888888888889,19,397,40,3,8906011
selection/control/income-path-insurance-fast,1032183712,VICTORY,10.79833333333333,8.281944444444441,2.516388888888889,1.8119444444444444,5,232,40,3,14137702
selection/control/income-path-insurance-fast,2256459561,VICTORY,16.959444444444447,13.709444444444445,3.2500000000000018,3.6438888888888896,11,351,39,3,3162984
selection/coupled/cheapest-fast,1798193508,VICTORY,16.24305555555556,11.618611111111113,4.624444444444448,1.7947222222222228,15,375,41,4,1924156
selection/coupled/cheapest-fast,1277428555,VICTORY,9.786666666666667,6.827777777777779,2.958888888888888,1.0633333333333328,7,244,41,4,5108864
selection/coupled/cheapest-fast,3857149592,VICTORY,7.290277777777778,3.934722222222222,3.355555555555556,0.6258333333333335,10,204,41,4,7882205
selection/coupled/cheapest-fast,780816053,VICTORY,12.513055555555553,8.68222222222222,3.8308333333333326,1.9594444444444443,12,299,41,4,4973791
selection/coupled/cheapest-fast,1793715836,VICTORY,15.16888888888889,11.49916666666667,3.669722222222221,1.7550000000000003,10,310,41,4,6446667
selection/coupled/cheapest-fast,255309161,VICTORY,13.63027777777778,9.355833333333331,4.274444444444448,1.1041666666666667,11,334,41,4,2296921
selection/coupled/cheapest-fast,1032183712,VICTORY,12.440277777777775,8.337222222222222,4.103055555555553,1.6625,8,294,41,4,4409625
selection/coupled/cheapest-fast,2256459561,VICTORY,10.992777777777777,7.185277777777778,3.8074999999999983,1.8125000000000002,10,274,41,4,495670
selection/coupled/income-path-fast,1798193508,VICTORY,18.469722222222217,13.903333333333334,4.566388888888882,2.046111111111111,11,456,37,3,5034360
selection/coupled/income-path-fast,1277428555,VICTORY,15.81611111111111,13.909444444444443,1.906666666666668,2.38138888888889,12,340,37,3,3566940
selection/coupled/income-path-fast,3857149592,VICTORY,13.244722222222219,10.120555555555557,3.124166666666662,1.3947222222222222,7,321,37,3,1827573
selection/coupled/income-path-fast,780816053,VICTORY,15.215555555555557,12.351111111111114,2.864444444444443,2.8752777777777765,15,319,37,3,2713831
selection/coupled/income-path-fast,1793715836,VICTORY,21.142499999999995,17.688055555555547,3.454444444444448,4.245277777777777,11,441,37,3,4437729
selection/coupled/income-path-fast,255309161,VICTORY,13.48305555555556,8.973055555555558,4.510000000000002,1.573888888888889,13,331,37,3,1589128
selection/coupled/income-path-fast,1032183712,VICTORY,15.150555555555545,12.990555555555547,2.1599999999999984,2.8177777777777777,12,321,37,3,2585609
selection/coupled/income-path-fast,2256459561,VICTORY,13.1775,9.360833333333334,3.8166666666666664,1.7163888888888892,9,351,37,3,6035871
selection/coupled/income-path-insurance-fast,1798193508,VICTORY,15.651944444444442,11.80888888888889,3.8430555555555532,1.876388888888889,14,379,40,3,2840147
selection/coupled/income-path-insurance-fast,1277428555,VICTORY,12.250833333333334,9.703611111111112,2.5472222222222225,1.5855555555555556,12,287,40,3,1707514
selection/coupled/income-path-insurance-fast,3857149592,VICTORY,14.62277777777778,10.667499999999999,3.9552777777777806,1.6261111111111108,11,320,40,3,3128007
selection/coupled/income-path-insurance-fast,780816053,VICTORY,21.635,18.390277777777783,3.2447222222222187,6.310555555555557,14,482,40,3,5613832
selection/coupled/income-path-insurance-fast,1793715836,VICTORY,14.95722222222222,12.011388888888888,2.945833333333333,2.812222222222222,12,317,40,3,6207996
selection/coupled/income-path-insurance-fast,255309161,VICTORY,21.59416666666667,17.986111111111107,3.6080555555555627,5.163888888888889,19,446,40,3,5225039
selection/coupled/income-path-insurance-fast,1032183712,VICTORY,11.882499999999995,9.209722222222217,2.672777777777778,1.8119444444444444,8,243,40,3,1298637
selection/coupled/income-path-insurance-fast,2256459561,VICTORY,16.963611111111117,13.396944444444447,3.56666666666667,3.6438888888888896,10,403,40,3,1656626
