group,seed,outcome,minutes,gameDayIndex,work,drops,food,sleep,events,dumpster,observedMinimumCash,firstMillionMinutes,purchaseGapMinutes
holdout/cheapest-continuous-fast,704065712,VICTORY,8.276944444444446,4,9,216,8,3,3,0,500,5.326944444444445,1.5458333333333334
holdout/cheapest-continuous-fast,3159687012,VICTORY,13.484722222222222,6,13,309,13,5,1,0,500,9.589444444444446,1.4225000000000003
holdout/cheapest-continuous-fast,3848153446,VICTORY,14.959444444444442,7,15,312,14,6,6,0,500,10.976111111111113,1.7941666666666662
holdout/cheapest-continuous-fast,2121451068,VICTORY,14.17833333333333,7,14,305,14,7,5,0,500,9.568333333333332,1.526666666666667
holdout/cheapest-continuous-fast,2805051039,VICTORY,9.80222222222222,4,8,244,9,3,4,0,500,6.316944444444443,0.8988888888888892
holdout/cheapest-continuous-fast,1449785473,VICTORY,10.46722222222222,5,12,269,11,5,4,0,500,7.1125,1.0552777777777778
holdout/cheapest-continuous-fast,2803704156,VICTORY,14.444166666666664,6,12,328,12,4,1,0,500,10.393888888888887,1.3797222222222223
holdout/cheapest-continuous-fast,3585992186,VICTORY,9.44777777777778,4,10,228,8,3,3,0,500,5.928333333333332,1.2461111111111112
holdout/cheapest-continuous-fast,3862607212,VICTORY,11.261944444444442,5,11,240,10,4,2,0,500,8.285,1.9241666666666675
holdout/cheapest-continuous-fast,1924142935,VICTORY,10.016388888888889,4,7,265,9,3,3,0,500,6.881944444444445,1.3183333333333327
holdout/cheapest-continuous-fast,3995471384,VICTORY,9.70222222222222,4,11,220,9,4,4,0,500,7.052777777777776,1.0597222222222225
holdout/cheapest-continuous-fast,1323820755,VICTORY,10.309166666666668,5,8,293,10,4,6,0,500,5.644722222222223,1.1272222222222221
holdout/cheapest-continuous-fast,3773915404,VICTORY,12.137777777777778,5,8,309,10,4,6,0,500,8.290000000000001,1.6141666666666674
holdout/cheapest-continuous-fast,1981093013,VICTORY,9.192499999999999,4,8,231,8,3,2,0,500,5.772777777777778,1.4813888888888893
holdout/cheapest-continuous-fast,2736567206,VICTORY,12.811944444444443,6,13,302,13,5,8,0,500,9.54833333333333,1.8161111111111106
holdout/cheapest-continuous-fast,2949951376,VICTORY,12.773055555555555,5,13,257,11,4,3,0,500,9.620000000000003,1.6188888888888897
holdout/cheapest-continuous-fast,3673683627,VICTORY,7.442222222222222,4,9,203,8,3,3,0,500,4.894444444444444,1.4008333333333334
holdout/cheapest-continuous-fast,2446592622,VICTORY,11.698611111111111,5,9,310,11,6,6,0,500,7.702222222222221,1.3880555555555552
holdout/cheapest-continuous-fast,1832938828,VICTORY,11.766666666666667,4,8,248,9,3,3,0,500,8.613055555555553,1.7694444444444437
holdout/cheapest-continuous-fast,2438406009,VICTORY,9.854722222222223,4,12,209,9,4,6,0,500,7.194166666666667,1.1333333333333333
holdout/cheapest-continuous-fast,3636742449,VICTORY,9.339722222222223,4,8,240,9,3,4,0,500,5.783888888888888,0.9997222222222225
holdout/cheapest-continuous-fast,3610128776,VICTORY,9.65527777777778,4,8,253,8,3,7,0,500,6.107500000000001,1.7619444444444445
holdout/cheapest-continuous-fast,4059059317,VICTORY,13.490555555555558,6,9,335,12,4,4,0,500,9.751944444444446,1.4322222222222252
holdout/cheapest-continuous-fast,1346017355,VICTORY,10.120555555555558,4,8,254,9,3,4,0,500,6.815833333333334,1.0641666666666667
holdout/cheapest-continuous-fast,3297661220,VICTORY,10.582222222222223,5,9,252,10,4,3,0,500,7.098055555555555,1.3649999999999995
holdout/cheapest-continuous-fast,1917500965,VICTORY,9.150277777777779,4,9,242,9,3,4,0,500,5.483611111111111,1.4552777777777781
holdout/cheapest-continuous-fast,2261517791,VICTORY,15.428611111111113,6,10,378,13,5,2,0,500,10.73861111111111,2.3108333333333335
holdout/cheapest-continuous-fast,595424249,VICTORY,12.196944444444446,5,11,274,11,4,6,0,500,8.972222222222223,1.624722222222222
holdout/cheapest-continuous-fast,2439136853,VICTORY,13.993333333333332,6,12,305,12,5,4,0,500,10.730833333333333,2.9391666666666665
holdout/cheapest-continuous-fast,415006151,VICTORY,9.322777777777777,4,6,238,8,3,4,0,500,5.771944444444444,1.2813888888888878
holdout/cheapest-continuous-fast,779200089,VICTORY,13.647222222222222,5,10,295,11,4,4,0,500,10.018333333333334,1.8502777777777775
holdout/cheapest-continuous-fast,2548106056,VICTORY,9.422777777777776,4,8,236,8,3,3,0,500,6.313333333333333,0.9091666666666678
holdout/cheapest-continuous-fast,2957601383,VICTORY,10.58,5,11,240,10,4,4,0,500,6.969166666666665,1.7477777777777779
holdout/cheapest-continuous-fast,2359854059,VICTORY,14.623888888888892,5,10,309,11,4,5,0,500,11.399722222222225,1.8672222222222217
holdout/cheapest-continuous-fast,2315427434,VICTORY,12.998888888888889,6,11,303,12,6,5,0,500,8.990833333333331,1.308611111111111
holdout/cheapest-continuous-fast,1882699366,VICTORY,11.069444444444448,5,9,271,10,4,4,0,500,6.818333333333334,1.6211111111111118
holdout/cheapest-continuous-fast,4104661885,VICTORY,15.662222222222226,6,11,339,13,5,6,0,500,11.501666666666669,1.1258333333333346
holdout/cheapest-continuous-fast,3689048232,VICTORY,11.216666666666665,5,10,265,10,4,3,0,500,8.179999999999998,1.0949999999999998
holdout/cheapest-continuous-fast,2054174604,VICTORY,9.789444444444444,5,11,275,11,4,5,0,500,5.266944444444444,1.3147222222222226
holdout/cheapest-continuous-fast,78935221,VICTORY,8.929722222222221,4,9,223,8,3,3,0,500,5.1825,2.3547222222222217
holdout/cheapest-continuous-fast,3796470105,VICTORY,8.609722222222224,4,7,228,8,3,4,0,500,5.694166666666666,1.1924999999999997
holdout/cheapest-continuous-fast,801512678,VICTORY,11.4625,6,13,304,13,5,5,0,500,7.336666666666669,1.2619444444444448
holdout/cheapest-continuous-fast,2639665119,VICTORY,12.564166666666663,5,9,275,10,4,3,0,500,9.298055555555553,1.0805555555555544
holdout/cheapest-continuous-fast,1056825170,VICTORY,14.581944444444442,6,13,303,13,5,7,0,500,9.69083333333333,1.7366666666666655
holdout/cheapest-continuous-fast,1053979766,VICTORY,11.473055555555558,6,13,278,12,5,1,0,500,7.654166666666667,1.462222222222222
holdout/cheapest-continuous-fast,2930002416,VICTORY,11.824722222222222,5,11,279,11,5,2,0,500,8.118888888888888,0.9236111111111112
holdout/cheapest-continuous-fast,3309322940,VICTORY,9.993055555555555,5,11,241,10,5,3,0,500,6.534722222222222,1.4219444444444445
holdout/cheapest-continuous-fast,3353166182,VICTORY,11.684722222222224,5,10,298,11,4,5,0,500,7.126944444444446,0.8513888888888891
holdout/cheapest-continuous-fast,1536621757,VICTORY,13.372777777777772,5,11,290,11,4,8,0,500,9.84083333333333,1.4599999999999984
holdout/cheapest-continuous-fast,4187108932,VICTORY,16.673333333333336,6,9,359,13,7,3,0,500,13.324166666666668,3.099722222222222
holdout/cheapest-continuous-fast,1146454693,VICTORY,10.909444444444448,5,12,241,10,4,4,0,500,7.838333333333334,1.0236111111111115
holdout/cheapest-continuous-fast,3464910919,VICTORY,11.934722222222222,4,9,258,9,4,3,0,500,9.193611111111114,1.7844444444444443
holdout/cheapest-continuous-fast,2933556024,VICTORY,16.45083333333334,6,9,356,12,5,5,0,500,12.461388888888894,1.688055555555557
holdout/cheapest-continuous-fast,3805190180,VICTORY,10.97666666666667,5,10,256,10,4,7,0,500,7.791944444444448,0.8799999999999992
holdout/cheapest-continuous-fast,2866518457,VICTORY,9.79888888888889,5,10,255,10,4,0,0,500,6.424722222222223,1.4352777777777779
holdout/cheapest-continuous-fast,3448540348,VICTORY,10.535277777777775,5,13,235,11,4,4,0,500,7.690833333333333,1.58638888888889
holdout/cheapest-continuous-fast,2379326819,VICTORY,8.179166666666667,4,8,208,8,3,3,0,500,5.307500000000001,0.9719444444444448
holdout/cheapest-continuous-fast,1631624472,VICTORY,8.829166666666667,4,10,205,9,4,4,0,500,5.498333333333335,1.598611111111111
holdout/cheapest-continuous-fast,903865640,VICTORY,14.232499999999996,6,11,322,12,4,5,0,500,10.660555555555556,2.1838888888888888
holdout/cheapest-continuous-fast,72659045,VICTORY,9.874166666666667,5,10,249,10,4,3,0,500,6.3997222222222225,1.4544444444444433
holdout/cheapest-continuous-fast,4145917865,VICTORY,9.713333333333333,4,10,215,9,3,7,0,0,6.450277777777777,1.4855555555555549
holdout/cheapest-continuous-fast,2087613373,VICTORY,11.37138888888889,5,10,300,11,4,7,0,500,7.083333333333333,1.1838888888888883
holdout/cheapest-continuous-fast,2302398977,VICTORY,10.467222222222222,5,10,281,11,4,1,0,500,7.063611111111111,1.0097222222222224
holdout/cheapest-continuous-fast,3627257287,VICTORY,10.578333333333331,5,9,275,10,4,3,0,500,6.8008333333333315,0.8708333333333323
holdout/cheapest-continuous-ordinary,704065712,VICTORY,12.184166666666668,4,7,203,8,3,3,0,500,7.536944444444445,1.6525000000000005
holdout/cheapest-continuous-ordinary,3159687012,VICTORY,21.183333333333337,5,9,318,12,4,4,0,500,16.129444444444445,3.4497222222222224
holdout/cheapest-continuous-ordinary,3848153446,VICTORY,21.753888888888884,6,16,295,14,5,7,0,44,16.952222222222225,2.6230555555555553
holdout/cheapest-continuous-ordinary,2121451068,VICTORY,20.345833333333335,6,11,327,13,6,5,0,500,16.008333333333333,2.4325
holdout/cheapest-continuous-ordinary,2805051039,VICTORY,12.3525,4,8,204,8,3,1,0,500,8.062222222222223,1.2705555555555559
holdout/cheapest-continuous-ordinary,1449785473,VICTORY,16.389722222222222,6,14,261,12,5,4,0,500,12.234999999999998,2.0677777777777773
holdout/cheapest-continuous-ordinary,2803704156,VICTORY,24.806666666666665,7,12,365,14,5,5,0,500,19.779999999999998,3.0997222222222223
holdout/cheapest-continuous-ordinary,3585992186,VICTORY,18.68638888888889,6,11,309,13,5,8,0,500,13.569722222222223,2.2563888888888886
holdout/cheapest-continuous-ordinary,3862607212,VICTORY,16.8025,5,12,250,11,4,4,0,500,12.424722222222222,1.4638888888888886
holdout/cheapest-continuous-ordinary,1924142935,VICTORY,18.320833333333333,4,7,287,10,3,5,0,500,13.956388888888887,2.7344444444444433
holdout/cheapest-continuous-ordinary,3995471384,VICTORY,14.828611111111112,4,10,228,10,4,3,0,500,11.319166666666666,1.7497222222222224
holdout/cheapest-continuous-ordinary,1323820755,VICTORY,19.701666666666664,6,12,317,13,5,5,0,500,13.070277777777779,3.2927777777777787
holdout/cheapest-continuous-ordinary,3773915404,VICTORY,17.03027777777778,5,9,330,12,4,2,0,500,11.433333333333334,2.4052777777777785
holdout/cheapest-continuous-ordinary,1981093013,VICTORY,14.66777777777778,4,10,228,9,3,3,0,500,9.960555555555555,1.5202777777777783
holdout/cheapest-continuous-ordinary,2736567206,VICTORY,14.940555555555557,5,10,236,10,4,7,0,500,11.025277777777779,1.863611111111111
holdout/cheapest-continuous-ordinary,2949951376,VICTORY,17.328611111111112,5,9,303,11,4,6,0,500,12.50388888888889,1.941944444444446
holdout/cheapest-continuous-ordinary,3673683627,VICTORY,11.108055555555556,4,10,180,8,3,3,0,500,8.018611111111111,1.4275
holdout/cheapest-continuous-ordinary,2446592622,VICTORY,15.753055555555555,4,6,282,9,3,4,0,500,10.575555555555555,1.388333333333333
holdout/cheapest-continuous-ordinary,1832938828,VICTORY,18.005833333333335,5,10,246,10,4,3,0,500,14.17722222222222,1.8580555555555558
holdout/cheapest-continuous-ordinary,2438406009,VICTORY,16.239444444444448,5,12,220,10,4,2,0,500,12.12611111111111,2.2438888888888893
holdout/cheapest-continuous-ordinary,3636742449,VICTORY,15.0175,5,10,247,10,4,4,0,500,10.090277777777779,1.3444444444444446
holdout/cheapest-continuous-ordinary,3610128776,VICTORY,17.314722222222223,6,12,274,12,5,8,0,500,11.687222222222223,2.5091666666666668
holdout/cheapest-continuous-ordinary,4059059317,VICTORY,21.43666666666667,6,12,322,13,5,3,0,500,17.06222222222222,2.938055555555556
holdout/cheapest-continuous-ordinary,1346017355,VICTORY,16.397222222222222,5,9,253,10,4,4,0,500,11.827777777777778,1.871111111111111
holdout/cheapest-continuous-ordinary,3297661220,VICTORY,15.79388888888889,5,8,265,10,4,1,0,500,10.273888888888889,1.7002777777777784
holdout/cheapest-continuous-ordinary,1917500965,VICTORY,13.94138888888889,4,8,243,9,3,3,0,500,9.155277777777776,2.0991666666666666
holdout/cheapest-continuous-ordinary,2261517791,VICTORY,17.192777777777778,5,9,270,10,4,3,0,500,12.86222222222222,2.997777777777778
holdout/cheapest-continuous-ordinary,595424249,VICTORY,16.918333333333333,5,11,257,11,4,5,0,500,12.884444444444444,1.3080555555555555
holdout/cheapest-continuous-ordinary,2439136853,VICTORY,16.916666666666664,5,11,248,10,4,2,0,500,12.28611111111111,1.88638888888889
holdout/cheapest-continuous-ordinary,415006151,VICTORY,14.221666666666666,4,9,239,9,3,2,0,500,9.536944444444446,1.6077777777777773
holdout/cheapest-continuous-ordinary,779200089,VICTORY,16.666666666666675,4,7,228,8,3,3,0,500,12.720000000000004,3.13527777777778
holdout/cheapest-continuous-ordinary,2548106056,VICTORY,16.623611111111114,4,8,269,9,3,3,0,500,11.508888888888889,1.7600000000000022
holdout/insurance-first-continuous-fast,704065712,VICTORY,9.029166666666667,4,10,214,9,4,4,0,500,6.087222222222222,0.9794444444444442
holdout/insurance-first-continuous-fast,3159687012,VICTORY,13.617777777777778,5,11,294,11,4,8,0,500,9.520833333333334,1.889722222222222
holdout/insurance-first-continuous-fast,3848153446,VICTORY,14.071388888888887,6,13,304,13,5,3,0,500,10.107222222222221,2.02111111111111
holdout/insurance-first-continuous-fast,2121451068,VICTORY,10.176388888888887,5,12,230,10,5,1,0,500,6.967777777777777,1.1933333333333338
holdout/insurance-first-continuous-fast,2805051039,VICTORY,9.551666666666666,4,7,238,8,4,2,0,500,6.398333333333334,1.2888888888888888
holdout/insurance-first-continuous-fast,1449785473,VICTORY,12.938055555555554,5,10,301,11,4,3,0,500,8.635833333333334,1.3491666666666655
holdout/insurance-first-continuous-fast,2803704156,VICTORY,15.79361111111111,7,13,346,14,6,8,0,500,12.690833333333332,1.8994444444444432
holdout/insurance-first-continuous-fast,3585992186,VICTORY,9.26527777777778,4,10,226,9,4,2,0,500,5.650277777777777,1.1402777777777782
holdout/insurance-first-continuous-fast,3862607212,VICTORY,9.304166666666667,4,10,234,10,4,4,0,500,6.521944444444445,1.3236111111111124
holdout/insurance-first-continuous-fast,1924142935,VICTORY,14.34166666666667,5,11,294,12,5,4,0,500,10.97,1.3419444444444442
holdout/insurance-first-continuous-fast,3995471384,BARRY_LOSS,5.681388888888889,3,13,51,5,3,4,0,0,,1.2780555555555557
holdout/insurance-first-continuous-fast,1323820755,VICTORY,14.184166666666666,6,10,342,12,4,5,0,500,9.859166666666665,1.148333333333333
holdout/insurance-first-continuous-fast,3773915404,VICTORY,11.060277777777777,5,9,287,10,4,4,0,500,7.222777777777779,1.2713888888888902
holdout/insurance-first-continuous-fast,1981093013,VICTORY,12.179444444444444,5,9,293,11,4,3,0,500,8.045277777777777,1.1925000000000006
holdout/insurance-first-continuous-fast,2736567206,VICTORY,14.980555555555553,6,15,292,12,6,7,3,0,11.908888888888887,1.3455555555555558
holdout/insurance-first-continuous-fast,2949951376,VICTORY,11.839444444444444,5,11,281,11,5,5,0,500,8.399444444444446,0.9624999999999998
holdout/insurance-first-continuous-fast,3673683627,VICTORY,6.508611111111112,4,12,177,8,5,2,0,500,3.758055555555556,0.5169444444444447
holdout/insurance-first-continuous-fast,2446592622,VICTORY,11.632500000000002,6,11,307,12,5,3,0,500,7.690555555555557,1.450555555555556
holdout/insurance-first-continuous-fast,1832938828,VICTORY,10.836944444444443,5,13,240,11,6,3,0,500,8.236666666666666,0.9177777777777777
holdout/insurance-first-continuous-fast,2438406009,VICTORY,9.820555555555556,4,12,212,10,4,5,0,500,7.143888888888889,3.6788888888888875
holdout/insurance-first-continuous-fast,3636742449,VICTORY,7.504166666666666,3,8,211,7,3,3,0,500,4.196944444444444,1.061388888888889
holdout/insurance-first-continuous-fast,3610128776,VICTORY,11.300555555555555,5,8,290,10,4,5,0,500,7.011111111111111,1.9674999999999998
holdout/insurance-first-continuous-fast,4059059317,VICTORY,15.255277777777781,5,10,318,11,4,3,0,500,11.744166666666667,1.6888888888888896
holdout/insurance-first-continuous-fast,1346017355,VICTORY,9.227777777777776,5,11,225,10,4,3,0,500,6.427499999999998,1.1597222222222214
holdout/insurance-first-continuous-fast,3297661220,VICTORY,12.054444444444446,5,12,274,12,5,4,0,500,8.79833333333333,1.1622222222222216
holdout/insurance-first-continuous-fast,1917500965,VICTORY,10.448333333333332,5,10,239,10,4,2,0,500,7.342222222222221,1.6127777777777774
holdout/insurance-first-continuous-fast,2261517791,VICTORY,11.563055555555552,6,12,273,12,5,4,0,500,8.106944444444443,0.9852777777777777
holdout/insurance-first-continuous-fast,595424249,VICTORY,12.710833333333333,5,10,274,10,4,5,0,500,9.512222222222219,1.1977777777777776
holdout/insurance-first-continuous-fast,2439136853,VICTORY,11.019722222222223,5,13,254,11,5,0,0,500,7.845833333333334,1.2300000000000002
holdout/insurance-first-continuous-fast,415006151,VICTORY,8.331666666666667,4,10,217,9,3,2,0,500,5.16388888888889,0.6161111111111116
holdout/insurance-first-continuous-fast,779200089,VICTORY,11.354166666666668,4,9,246,9,3,1,0,500,8.266111111111114,1.8513888888888905
holdout/insurance-first-continuous-fast,2548106056,VICTORY,16.239722222222223,7,16,323,15,6,4,0,500,12.273888888888887,1.6686111111111122
holdout/insurance-first-continuous-fast,2957601383,VICTORY,10.513055555555555,5,13,240,11,5,4,0,500,7.497222222222222,1.138611111111112
holdout/insurance-first-continuous-fast,2359854059,VICTORY,11.091111111111113,5,8,273,10,4,4,0,500,6.85722222222222,1.1436111111111122
holdout/insurance-first-continuous-fast,2315427434,VICTORY,13.691388888888884,6,14,302,13,5,4,0,500,10.169999999999996,1.307222222222222
holdout/insurance-first-continuous-fast,1882699366,VICTORY,11.255555555555558,6,12,269,12,6,5,0,500,7.53388888888889,1.6099999999999994
holdout/insurance-first-continuous-fast,4104661885,VICTORY,13.729166666666666,6,15,280,13,5,9,0,500,10.671944444444444,1.0552777777777786
holdout/insurance-first-continuous-fast,3689048232,VICTORY,13.878611111111116,6,12,328,13,5,3,0,500,9.520833333333334,1.3216666666666663
holdout/insurance-first-continuous-fast,2054174604,VICTORY,11.345,5,11,274,11,4,6,0,500,7.22611111111111,1.198888888888888
holdout/insurance-first-continuous-fast,78935221,VICTORY,9.725,5,9,260,10,4,3,0,500,5.936944444444445,1.3597222222222218
holdout/insurance-first-continuous-fast,3796470105,VICTORY,10.346111111111108,5,10,248,10,4,4,0,500,7.230277777777777,1.7291666666666659
holdout/insurance-first-continuous-fast,801512678,VICTORY,11.73333333333333,6,13,289,12,5,4,0,500,7.679166666666668,0.675555555555555
holdout/insurance-first-continuous-fast,2639665119,VICTORY,14.341111111111108,6,14,295,13,5,7,0,500,11.12,2.4958333333333327
holdout/insurance-first-continuous-fast,1056825170,VICTORY,9.807222222222224,5,12,258,11,5,3,0,500,6.523888888888889,1.3372222222222225
holdout/insurance-first-continuous-fast,1053979766,VICTORY,10.666666666666666,4,8,275,9,3,2,0,500,7.043055555555555,1.6347222222222229
holdout/insurance-first-continuous-fast,2930002416,VICTORY,11.956944444444442,5,12,277,11,4,5,0,500,8.22,0.9905555555555546
holdout/insurance-first-continuous-fast,3309322940,VICTORY,10.47277777777778,5,12,247,10,4,2,0,500,6.842777777777779,1.2702777777777774
holdout/insurance-first-continuous-fast,3353166182,VICTORY,11.969722222222225,5,11,298,11,4,4,0,500,7.650555555555556,1.1972222222222222
holdout/insurance-first-continuous-fast,1536621757,VICTORY,12.819999999999997,5,10,294,11,4,4,0,500,9.428888888888888,1.0888888888888881
holdout/insurance-first-continuous-fast,4187108932,VICTORY,9.778611111111111,4,10,242,9,3,4,0,500,6.226111111111111,0.8661111111111107
holdout/insurance-first-continuous-fast,1146454693,VICTORY,10.40611111111111,4,9,241,9,3,2,0,500,7.581666666666665,1.404166666666667
holdout/insurance-first-continuous-fast,3464910919,VICTORY,11.335555555555556,5,11,248,10,4,4,0,500,8.202222222222224,1.4602777777777776
holdout/insurance-first-continuous-fast,2933556024,VICTORY,13.481111111111113,5,8,290,10,3,6,0,500,10.088888888888892,1.6286111111111117
holdout/insurance-first-continuous-fast,3805190180,VICTORY,12.590555555555557,5,11,285,11,4,3,0,500,9.3825,1.2794444444444442
holdout/insurance-first-continuous-fast,2866518457,VICTORY,7.082499999999999,3,7,199,7,3,1,0,500,3.913888888888889,0.6213888888888889
holdout/insurance-first-continuous-fast,3448540348,VICTORY,15.06888888888889,6,13,293,12,5,5,0,500,11.767777777777784,2.552777777777778
holdout/insurance-first-continuous-fast,2379326819,VICTORY,14.55805555555556,6,11,300,12,5,5,0,500,10.9425,3.1313888888888894
holdout/insurance-first-continuous-fast,1631624472,VICTORY,16.260555555555555,8,17,371,16,7,6,0,500,11.845833333333335,1.8900000000000001
holdout/insurance-first-continuous-fast,903865640,VICTORY,8.63888888888889,4,11,197,8,3,3,0,500,5.364722222222222,0.977222222222224
holdout/insurance-first-continuous-fast,72659045,VICTORY,12.464166666666666,5,10,305,11,4,2,0,500,8.543888888888887,1.0583333333333333
holdout/insurance-first-continuous-fast,4145917865,VICTORY,13.084166666666668,6,15,283,13,6,7,0,0,9.91111111111111,1.3705555555555544
holdout/insurance-first-continuous-fast,2087613373,VICTORY,10.86138888888889,5,12,279,11,5,3,0,500,7.001111111111111,1.4705555555555558
holdout/insurance-first-continuous-fast,2302398977,VICTORY,11.889166666666672,5,11,258,10,4,6,0,500,8.409166666666668,1.0905555555555557
holdout/insurance-first-continuous-fast,3627257287,VICTORY,12.146388888888888,5,10,284,11,4,4,0,500,8.214722222222223,0.9952777777777774
holdout/skip-splitter-continuous-fast,704065712,VICTORY,7.994444444444445,4,9,199,8,3,2,0,500,5.326944444444445,1.5458333333333334
holdout/skip-splitter-continuous-fast,3159687012,VICTORY,13.262222222222222,6,13,297,12,5,3,0,500,9.589444444444446,1.4225000000000003
holdout/skip-splitter-continuous-fast,3848153446,VICTORY,14.66833333333333,6,15,299,14,6,6,0,500,10.976111111111113,1.7941666666666662
holdout/skip-splitter-continuous-fast,2121451068,VICTORY,13.920555555555552,6,14,291,14,7,5,0,500,9.568333333333332,1.526666666666667
holdout/skip-splitter-continuous-fast,2805051039,VICTORY,9.476666666666665,4,8,235,8,3,3,0,500,6.316944444444443,0.8988888888888892
holdout/skip-splitter-continuous-fast,1449785473,VICTORY,10.002777777777776,5,12,249,10,4,3,0,500,7.1125,1.0552777777777778
holdout/skip-splitter-continuous-fast,2803704156,VICTORY,14.205277777777777,6,12,316,12,4,1,0,500,10.393888888888887,1.3797222222222223
holdout/skip-splitter-continuous-fast,3585992186,VICTORY,9.335000000000003,4,10,222,8,3,3,0,500,5.928333333333332,1.2461111111111112
holdout/skip-splitter-continuous-fast,3862607212,VICTORY,11.148888888888886,5,11,234,10,4,2,0,500,8.285,1.9241666666666675
holdout/skip-splitter-continuous-fast,1924142935,VICTORY,9.744166666666667,4,7,254,9,3,2,0,500,6.881944444444445,1.3183333333333327
holdout/skip-splitter-continuous-fast,3995471384,VICTORY,9.378888888888888,4,11,206,9,4,3,0,500,7.052777777777776,1.0597222222222225
holdout/skip-splitter-continuous-fast,1323820755,VICTORY,9.928888888888888,5,8,270,10,4,6,0,500,5.644722222222223,1.1272222222222221
holdout/skip-splitter-continuous-fast,3773915404,VICTORY,11.593055555555555,5,8,283,10,4,6,0,500,8.290000000000001,1.6141666666666674
holdout/skip-splitter-continuous-fast,1981093013,VICTORY,8.95638888888889,4,8,218,8,3,2,0,500,5.772777777777778,1.4813888888888893
holdout/skip-splitter-continuous-fast,2736567206,VICTORY,12.212222222222222,6,13,280,12,5,8,0,500,9.54833333333333,1.8161111111111106
holdout/skip-splitter-continuous-fast,2949951376,VICTORY,12.228611111111112,5,13,231,10,4,3,0,500,9.620000000000003,1.6188888888888897
holdout/skip-splitter-continuous-fast,3673683627,VICTORY,7.321111111111111,4,9,194,8,3,4,0,500,4.894444444444444,1.4008333333333334
holdout/skip-splitter-continuous-fast,2446592622,VICTORY,11.501111111111111,5,9,302,11,6,5,0,500,7.702222222222221,1.3880555555555552
holdout/skip-splitter-continuous-fast,1832938828,VICTORY,11.413333333333332,4,8,231,8,3,3,0,500,8.613055555555553,1.7694444444444437
holdout/skip-splitter-continuous-fast,2438406009,VICTORY,9.606944444444446,4,12,196,9,4,6,0,500,7.194166666666667,1.1333333333333333
holdout/skip-splitter-continuous-fast,3636742449,VICTORY,9.041666666666666,4,8,226,8,3,4,0,500,5.783888888888888,0.9997222222222225
holdout/skip-splitter-continuous-fast,3610128776,VICTORY,9.315000000000001,4,8,237,8,3,6,0,500,6.107500000000001,1.7619444444444445
holdout/skip-splitter-continuous-fast,4059059317,VICTORY,13.053055555555558,5,9,316,11,4,4,0,500,9.751944444444446,1.4322222222222252
holdout/skip-splitter-continuous-fast,1346017355,VICTORY,9.640833333333337,4,8,232,8,3,4,0,500,6.815833333333334,1.0641666666666667
holdout/skip-splitter-continuous-fast,3297661220,VICTORY,10.310277777777777,4,9,240,9,3,3,0,500,7.098055555555555,1.3649999999999995
holdout/skip-splitter-continuous-fast,1917500965,VICTORY,8.91638888888889,4,9,234,9,3,4,0,500,5.483611111111111,1.4552777777777781
holdout/skip-splitter-continuous-fast,2261517791,VICTORY,15.046111111111115,6,10,362,12,4,2,0,500,10.73861111111111,2.3108333333333335
holdout/skip-splitter-continuous-fast,595424249,VICTORY,12.135,5,11,270,11,4,6,0,500,8.972222222222223,1.624722222222222
holdout/skip-splitter-continuous-fast,2439136853,VICTORY,13.936944444444443,6,12,302,12,5,4,0,500,10.730833333333333,2.9391666666666665
holdout/skip-splitter-continuous-fast,415006151,VICTORY,8.93222222222222,3,6,217,7,3,4,0,500,5.771944444444444,1.2813888888888878
holdout/skip-splitter-continuous-fast,779200089,VICTORY,13.294444444444444,5,10,277,11,4,4,0,500,10.018333333333334,1.8502777777777775
holdout/skip-splitter-continuous-fast,2548106056,VICTORY,9.127777777777775,4,8,220,8,3,2,0,500,6.313333333333333,0.9091666666666678
holdout/skip-splitter-continuous-fast,2957601383,VICTORY,10.403055555555556,5,11,233,10,4,4,0,500,6.969166666666665,1.7477777777777779
holdout/skip-splitter-continuous-fast,2359854059,VICTORY,14.430555555555559,5,10,298,11,4,5,0,500,11.399722222222225,1.8672222222222217
holdout/skip-splitter-continuous-fast,2315427434,VICTORY,12.603333333333332,5,11,286,11,5,5,0,500,8.990833333333331,1.308611111111111
holdout/skip-splitter-continuous-fast,1882699366,VICTORY,10.322777777777782,4,9,232,9,3,4,0,500,6.818333333333334,1.6211111111111118
holdout/skip-splitter-continuous-fast,4104661885,VICTORY,15.419722222222227,6,11,329,12,4,6,0,500,11.501666666666669,1.1258333333333346
holdout/skip-splitter-continuous-fast,3689048232,VICTORY,10.96638888888889,5,10,255,10,4,3,0,500,8.179999999999998,1.0949999999999998
holdout/skip-splitter-continuous-fast,2054174604,VICTORY,9.38611111111111,5,11,260,10,4,3,0,500,5.266944444444444,1.3147222222222226
holdout/skip-splitter-continuous-fast,78935221,VICTORY,8.551666666666666,4,9,204,8,3,2,0,500,5.1825,2.3547222222222217
holdout/skip-splitter-continuous-fast,3796470105,VICTORY,8.424722222222224,4,7,217,8,3,4,0,500,5.694166666666666,1.1924999999999997
holdout/skip-splitter-continuous-fast,801512678,VICTORY,11.178333333333335,6,13,292,12,5,5,0,500,7.336666666666669,1.2619444444444448
holdout/skip-splitter-continuous-fast,2639665119,VICTORY,12.17111111111111,4,9,256,9,3,3,0,500,9.298055555555553,1.0805555555555544
holdout/skip-splitter-continuous-fast,1056825170,VICTORY,14.265833333333331,6,13,290,13,5,7,0,500,9.69083333333333,1.7366666666666655
holdout/skip-splitter-continuous-fast,1053979766,VICTORY,11.079444444444446,5,13,258,12,5,1,0,500,7.654166666666667,1.462222222222222
holdout/skip-splitter-continuous-fast,2930002416,VICTORY,11.336944444444445,5,11,259,10,5,2,0,500,8.118888888888888,0.9236111111111112
holdout/skip-splitter-continuous-fast,3309322940,VICTORY,9.656388888888891,5,11,221,10,5,3,0,500,6.534722222222222,1.4219444444444445
holdout/skip-splitter-continuous-fast,3353166182,VICTORY,11.125277777777777,5,10,273,10,4,4,0,500,7.126944444444446,0.8513888888888891
holdout/skip-splitter-continuous-fast,1536621757,VICTORY,13.016944444444439,5,11,271,11,4,8,0,500,9.84083333333333,1.4599999999999984
holdout/skip-splitter-continuous-fast,4187108932,VICTORY,16.247222222222224,6,9,335,12,7,3,0,500,13.324166666666668,3.099722222222222
holdout/skip-splitter-continuous-fast,1146454693,VICTORY,10.741111111111111,5,12,236,10,4,4,0,500,7.838333333333334,1.0236111111111115
holdout/skip-splitter-continuous-fast,3464910919,VICTORY,11.755555555555555,4,9,249,9,4,3,0,500,9.193611111111114,1.7844444444444443
holdout/skip-splitter-continuous-fast,2933556024,VICTORY,15.975000000000005,6,9,333,12,5,5,0,500,12.461388888888894,1.688055555555557
holdout/skip-splitter-continuous-fast,3805190180,VICTORY,10.651388888888894,5,10,240,10,4,7,0,500,7.791944444444448,0.8799999999999992
holdout/skip-splitter-continuous-fast,2866518457,VICTORY,9.1475,4,10,225,9,4,0,0,500,6.424722222222223,1.4352777777777779
holdout/skip-splitter-continuous-fast,3448540348,VICTORY,10.214444444444442,5,13,220,10,4,3,0,500,7.690833333333333,1.58638888888889
holdout/skip-splitter-continuous-fast,2379326819,VICTORY,7.834166666666667,3,8,192,7,3,3,0,500,5.307500000000001,0.9719444444444448
holdout/skip-splitter-continuous-fast,1631624472,VICTORY,8.434166666666668,4,10,187,8,3,4,0,500,5.498333333333335,1.598611111111111
holdout/skip-splitter-continuous-fast,903865640,VICTORY,13.94833333333333,5,11,310,12,4,5,0,500,10.660555555555556,2.1838888888888888
holdout/skip-splitter-continuous-fast,72659045,VICTORY,9.439444444444444,4,10,229,9,4,3,0,500,6.3997222222222225,1.4544444444444433
holdout/skip-splitter-continuous-fast,4145917865,VICTORY,9.456666666666665,4,10,206,8,3,7,0,0,6.450277777777777,1.4855555555555549
holdout/skip-splitter-continuous-fast,2087613373,VICTORY,11.08472222222222,5,10,282,11,4,7,0,500,7.083333333333333,1.1838888888888883
holdout/skip-splitter-continuous-fast,2302398977,VICTORY,10.119444444444444,5,10,266,10,4,1,0,500,7.063611111111111,1.0097222222222224
holdout/skip-splitter-continuous-fast,3627257287,VICTORY,10.125277777777775,4,9,254,9,3,3,0,500,6.8008333333333315,0.8708333333333323
selection/casino-only-continuous-fast,3867683136,BARRY_LOSS,29.6225,1,0,29,0,0,0,10,0,,0.0
selection/casino-only-continuous-fast,1968051372,BARRY_LOSS,30.13555555555556,1,0,20,0,0,2,8,0,,0.0
selection/casino-only-continuous-fast,3294515251,BARRY_LOSS,42.96388888888889,1,0,10,0,1,0,7,0,,0.0
selection/casino-only-continuous-fast,861456215,BARRY_LOSS,34.6775,1,0,18,0,1,2,3,0,,0.0
selection/casino-only-continuous-fast,246043674,BARRY_LOSS,65.22416666666666,1,0,6,0,0,2,1,0,,0.0
selection/casino-only-continuous-fast,2403473190,BARRY_LOSS,46.89694444444444,1,0,28,1,0,0,1,0,,0.0
selection/casino-only-continuous-fast,2866791838,BARRY_LOSS,42.98055555555556,1,0,10,0,0,1,7,0,,0.0
selection/casino-only-continuous-fast,2400989480,BARRY_LOSS,38.58444444444444,1,0,40,1,0,0,1,0,,0.0
selection/casino-only-continuous-fast,718967882,BARRY_LOSS,39.3025,1,0,16,0,1,1,2,0,,0.0
selection/casino-only-continuous-fast,3862400515,BARRY_LOSS,37.54611111111111,1,0,17,0,1,0,6,0,,0.0
selection/casino-only-continuous-fast,2354497091,BARRY_LOSS,45.65277777777778,1,0,6,0,0,0,10,0,,0.0
selection/casino-only-continuous-fast,3786667018,BARRY_LOSS,40.27972222222222,1,0,14,0,1,0,5,0,,0.0
selection/cheapest-burst-fast,3867683136,VICTORY,9.290277777777778,4,7,219,8,4,1,0,500,5.235555555555555,1.1444444444444446
selection/cheapest-burst-fast,1968051372,VICTORY,10.485555555555555,4,9,247,9,3,4,0,500,6.333611111111112,1.077222222222222
selection/cheapest-burst-fast,3294515251,VICTORY,12.67944444444445,6,15,249,12,6,3,0,0,9.76027777777778,2.858611111111111
selection/cheapest-burst-fast,861456215,VICTORY,10.054166666666665,4,12,218,10,4,2,0,500,7.266388888888887,1.1488888888888895
selection/cheapest-burst-fast,246043674,VICTORY,9.889999999999999,4,9,218,8,3,5,0,500,6.3208333333333355,1.7563888888888892
selection/cheapest-burst-fast,2403473190,VICTORY,16.60805555555555,6,11,333,13,5,3,0,500,12.453333333333328,4.405555555555555
selection/cheapest-burst-fast,2866791838,VICTORY,13.478888888888891,5,9,281,10,4,6,0,500,8.668333333333335,2.329444444444446
selection/cheapest-burst-fast,2400989480,VICTORY,11.095833333333337,5,10,257,10,4,3,0,500,7.141666666666668,0.9213888888888884
selection/cheapest-burst-fast,718967882,VICTORY,7.708888888888889,3,7,167,6,2,3,0,500,4.8277777777777775,1.1819444444444442
selection/cheapest-burst-fast,3862400515,VICTORY,15.386666666666665,5,9,333,12,4,6,0,500,11.556388888888893,2.6661111111111095
selection/cheapest-burst-fast,2354497091,VICTORY,15.489722222222229,6,14,300,13,6,5,0,500,12.079722222222223,1.882222222222222
selection/cheapest-burst-fast,3786667018,VICTORY,10.55444444444444,4,8,282,10,3,1,0,500,6.191388888888889,0.9255555555555556
selection/cheapest-continuous-fast,3867683136,VICTORY,9.059722222222222,4,7,217,8,3,1,0,500,5.235555555555555,1.1486111111111115
selection/cheapest-continuous-fast,1968051372,VICTORY,9.929722222222221,4,9,245,9,3,5,0,500,6.4225,1.077222222222222
selection/cheapest-continuous-fast,3294515251,VICTORY,12.65527777777778,6,16,266,13,7,4,0,0,9.645833333333334,2.858611111111111
selection/cheapest-continuous-fast,861456215,VICTORY,9.309722222222218,4,11,219,9,4,2,0,500,6.260277777777776,1.1488888888888895
selection/cheapest-continuous-fast,246043674,VICTORY,9.744722222222224,4,9,219,8,3,6,0,500,6.3208333333333355,1.7563888888888892
selection/cheapest-continuous-fast,2403473190,VICTORY,15.88805555555555,6,11,327,12,5,3,0,500,11.992222222222217,4.405555555555555
selection/cheapest-continuous-fast,2866791838,VICTORY,12.295277777777782,5,9,273,10,4,4,0,500,8.668333333333335,2.329444444444446
selection/cheapest-continuous-fast,2400989480,VICTORY,10.752222222222224,5,10,253,10,4,4,0,500,7.141666666666668,0.9213888888888884
selection/cheapest-continuous-fast,718967882,VICTORY,7.496388888888889,3,7,172,6,2,3,0,500,4.889166666666667,1.1819444444444442
selection/cheapest-continuous-fast,3862400515,VICTORY,14.806388888888886,6,9,336,12,4,7,0,500,11.163611111111114,2.6661111111111095
selection/cheapest-continuous-fast,2354497091,VICTORY,14.799722222222222,6,14,316,14,6,4,0,500,11.540555555555555,1.882222222222222
selection/cheapest-continuous-fast,3786667018,VICTORY,9.973055555555556,5,8,290,10,3,1,0,500,5.924722222222221,0.9255555555555556
selection/cheapest-continuous-ordinary,3867683136,VICTORY,14.363333333333335,4,8,229,8,3,3,0,500,10.45138888888889,1.552777777777778
selection/cheapest-continuous-ordinary,1968051372,VICTORY,15.557222222222224,5,8,271,10,4,3,0,500,9.720555555555556,1.3116666666666674
selection/cheapest-continuous-ordinary,3294515251,VICTORY,20.9375,6,17,244,14,7,5,2,0,17.306944444444444,2.033055555555554
selection/cheapest-continuous-ordinary,861456215,VICTORY,18.32583333333333,5,11,288,11,4,5,0,500,14.164166666666665,1.8405555555555546
selection/cheapest-continuous-ordinary,246043674,VICTORY,12.908333333333331,4,10,220,9,3,6,0,500,8.74861111111111,1.3458333333333334
selection/cheapest-continuous-ordinary,2403473190,VICTORY,23.02722222222222,7,16,319,14,7,8,0,500,18.288888888888884,5.775277777777777
selection/cheapest-continuous-ordinary,2866791838,VICTORY,18.06833333333333,5,11,276,11,4,6,0,500,13.04777777777778,1.8083333333333333
selection/cheapest-continuous-ordinary,2400989480,VICTORY,14.213888888888892,4,9,231,9,4,4,0,500,10.165555555555557,1.336944444444445
selection/cheapest-continuous-ordinary,718967882,VICTORY,11.1125,3,7,170,6,2,6,0,500,7.728611111111111,1.8444444444444448
selection/cheapest-continuous-ordinary,3862400515,VICTORY,19.63416666666667,5,12,275,11,4,5,0,500,15.60222222222222,2.7338888888888904
selection/cheapest-continuous-ordinary,2354497091,VICTORY,17.587777777777777,5,12,244,11,4,6,0,500,13.602222222222224,2.523888888888889
selection/cheapest-continuous-ordinary,3786667018,VICTORY,15.36416666666667,4,7,283,9,3,6,0,500,10.450277777777778,2.0713888888888894
selection/hoard-12-continuous-fast,3867683136,BARRY_LOSS,42.72388888888888,24,18,1586,50,14,19,0,500,4.608611111111111,1.1444444444444446
selection/hoard-12-continuous-fast,1968051372,BARRY_LOSS,44.430000000000014,24,19,1614,50,16,15,0,500,6.876388888888888,1.077222222222222
selection/hoard-12-continuous-fast,3294515251,BARRY_LOSS,41.50249999999998,23,22,1410,48,17,21,0,0,9.4025,2.858611111111111
selection/hoard-12-continuous-fast,861456215,BARRY_LOSS,43.597777777777765,24,16,1597,50,15,23,0,500,6.046944444444444,1.1488888888888895
selection/hoard-12-continuous-fast,246043674,BARRY_LOSS,44.07361111111113,24,19,1589,50,15,20,0,500,6.370000000000001,1.0650000000000002
selection/hoard-12-continuous-fast,2403473190,BARRY_LOSS,45.86694444444442,23,16,1547,48,14,15,0,500,12.452777777777776,4.405555555555555
selection/hoard-12-continuous-fast,2866791838,BARRY_LOSS,45.22666666666666,24,19,1574,50,15,20,0,500,9.288888888888891,1.2436111111111112
selection/hoard-12-continuous-fast,2400989480,BARRY_LOSS,41.35805555555556,23,16,1517,48,14,16,0,500,7.0855555555555565,0.7225000000000001
selection/hoard-12-continuous-fast,718967882,BARRY_LOSS,43.50944444444443,24,17,1611,50,15,19,0,500,5.9672222222222215,1.1819444444444442
selection/hoard-12-continuous-fast,3862400515,BARRY_LOSS,45.40361111111111,24,19,1553,50,15,19,0,500,10.03638888888889,2.6661111111111095
selection/hoard-12-continuous-fast,2354497091,BARRY_LOSS,42.29416666666666,23,20,1443,48,16,19,0,500,10.555555555555554,1.882222222222222
selection/hoard-12-continuous-fast,3786667018,BARRY_LOSS,42.92833333333332,24,19,1583,50,14,21,0,500,5.226111111111112,0.9255555555555556
selection/ignore-needs-continuous-fast,3867683136,HP_DEATH,10.748055555555558,1,1,122,0,0,0,0,0,,2.3400000000000003
selection/ignore-needs-continuous-fast,1968051372,BARRY_LOSS,7.60972222222222,1,0,90,0,0,0,0,1,,0.0
selection/ignore-needs-continuous-fast,3294515251,BARRY_LOSS,6.074166666666666,1,2,67,0,0,0,0,0,,0.004166666666666667
selection/ignore-needs-continuous-fast,861456215,BARRY_LOSS,7.8891666666666636,1,0,90,0,0,2,0,1,,0.004166666666666667
selection/ignore-needs-continuous-fast,246043674,BARRY_LOSS,6.009444444444442,1,2,67,0,0,2,0,0,,2.993888888888889
selection/ignore-needs-continuous-fast,2403473190,HP_DEATH,10.153333333333329,1,1,119,0,0,0,0,0,,3.0299999999999985
selection/ignore-needs-continuous-fast,2866791838,HP_DEATH,9.585833333333333,1,1,112,0,0,1,0,0,,2.4213888888888895
selection/ignore-needs-continuous-fast,2400989480,HP_DEATH,6.871111111111111,1,1,122,0,0,0,0,0,6.5022222222222235,0.8111111111111114
selection/ignore-needs-continuous-fast,718967882,HP_DEATH,7.260555555555557,1,1,121,0,0,0,0,0,6.5166666666666675,1.4869444444444446
selection/ignore-needs-continuous-fast,3862400515,BARRY_LOSS,6.999722222222222,1,1,78,0,0,0,0,0,,0.5994444444444444
selection/ignore-needs-continuous-fast,2354497091,BARRY_LOSS,6.095555555555555,1,1,71,0,0,2,0,0,,2.954999999999999
selection/ignore-needs-continuous-fast,3786667018,BARRY_LOSS,6.6525,1,1,79,0,0,0,0,0,,1.2774999999999999
selection/insurance-cycle-continuous-fast,3867683136,VICTORY,18.045833333333334,9,7,672,19,5,7,0,500,9.534166666666668,1.5063888888888868
selection/insurance-cycle-continuous-fast,1968051372,VICTORY,16.147500000000004,9,10,615,20,6,9,0,500,7.138333333333333,1.1286111111111117
selection/insurance-cycle-continuous-fast,3294515251,VICTORY,18.223055555555558,11,12,680,23,7,8,0,0,8.267777777777779,1.1105555555555555
selection/insurance-cycle-continuous-fast,861456215,VICTORY,18.086388888888887,10,12,677,22,7,9,0,500,7.215277777777776,1.033888888888889
selection/insurance-cycle-continuous-fast,246043674,VICTORY,17.601944444444445,9,10,600,19,6,3,0,500,9.461944444444446,1.1130555555555555
selection/insurance-cycle-continuous-fast,2403473190,VICTORY,18.809444444444445,10,12,678,22,7,8,0,500,8.878055555555553,1.3527777777777774
selection/insurance-cycle-continuous-fast,2866791838,VICTORY,20.47305555555556,11,9,724,23,7,11,0,500,10.13388888888889,1.5850000000000013
selection/insurance-cycle-continuous-fast,2400989480,VICTORY,18.290833333333335,10,12,614,21,7,6,0,500,10.525277777777779,1.3597222222222218
selection/insurance-cycle-continuous-fast,718967882,VICTORY,21.718611111111112,10,9,745,22,6,6,0,500,10.82333333333333,2.7041666666666657
selection/insurance-cycle-continuous-fast,3862400515,VICTORY,21.615277777777774,11,12,753,24,8,11,0,500,12.29361111111111,1.1219444444444444
selection/insurance-cycle-continuous-fast,2354497091,VICTORY,22.594444444444452,12,16,726,26,9,15,0,500,13.654166666666669,2.5475000000000003
selection/insurance-cycle-continuous-fast,3786667018,VICTORY,20.148888888888894,11,8,755,23,7,11,0,500,10.328611111111114,1.350555555555555
selection/insurance-cycle-continuous-ordinary,3867683136,VICTORY,24.573055555555563,10,10,653,21,6,3,0,500,11.302222222222223,1.4633333333333345
selection/insurance-cycle-continuous-ordinary,1968051372,VICTORY,22.273055555555555,10,12,609,21,7,7,0,500,11.932500000000001,1.4722222222222219
selection/insurance-cycle-continuous-ordinary,3294515251,VICTORY,27.226944444444445,11,15,635,23,8,5,0,0,16.669722222222223,1.5786111111111116
selection/insurance-cycle-continuous-ordinary,861456215,VICTORY,24.611388888888882,10,10,679,21,6,11,0,500,12.592222222222222,1.9463888888888903
selection/insurance-cycle-continuous-ordinary,246043674,VICTORY,25.470277777777785,9,10,605,20,6,9,0,500,15.575833333333339,1.7172222222222222
selection/insurance-cycle-continuous-ordinary,2403473190,VICTORY,24.943611111111107,10,12,599,21,8,5,0,500,16.196944444444444,1.9536111111111107
selection/insurance-cycle-continuous-ordinary,2866791838,VICTORY,26.80722222222222,10,8,713,22,6,9,0,500,15.481944444444448,1.7852777777777797
selection/insurance-cycle-continuous-ordinary,2400989480,VICTORY,21.854444444444443,9,9,593,19,6,8,0,500,10.918611111111112,1.5719444444444435
selection/insurance-cycle-continuous-ordinary,718967882,VICTORY,27.677777777777774,11,11,717,23,8,8,0,500,16.554444444444442,2.6711111111111108
selection/insurance-cycle-continuous-ordinary,3862400515,VICTORY,30.444166666666657,12,9,793,25,8,8,0,500,16.166111111111107,1.9944444444444438
selection/insurance-cycle-continuous-ordinary,2354497091,VICTORY,30.762222222222228,12,12,757,25,8,14,0,500,18.700555555555557,2.1424999999999956
selection/insurance-cycle-continuous-ordinary,3786667018,VICTORY,25.06583333333333,11,11,724,23,7,6,0,500,11.336944444444445,1.639722222222222
selection/insurance-first-continuous-fast,3867683136,VICTORY,7.697222222222222,4,10,199,9,4,3,0,500,4.510277777777778,0.7163888888888886
selection/insurance-first-continuous-fast,1968051372,VICTORY,10.445000000000002,5,11,253,10,5,2,0,500,6.793611111111113,1.0052777777777782
selection/insurance-first-continuous-fast,3294515251,VICTORY,10.496666666666664,5,11,252,10,5,2,0,0,7.02722222222222,1.2274999999999991
selection/insurance-first-continuous-fast,861456215,VICTORY,11.202777777777774,5,13,248,11,5,6,0,500,7.772777777777775,1.1705555555555553
selection/insurance-first-continuous-fast,246043674,VICTORY,8.329444444444444,4,11,216,9,4,5,0,500,4.863611111111111,0.8022222222222226
selection/insurance-first-continuous-fast,2403473190,VICTORY,11.203055555555553,5,9,258,10,4,2,0,500,7.730833333333334,1.1605555555555553
selection/insurance-first-continuous-fast,2866791838,VICTORY,10.981111111111113,4,8,271,9,4,5,0,500,7.350833333333335,1.989444444444445
selection/insurance-first-continuous-fast,2400989480,VICTORY,12.377500000000007,5,11,291,11,4,4,0,500,9.013611111111114,1.1722222222222223
selection/insurance-first-continuous-fast,718967882,VICTORY,9.13527777777778,4,7,225,8,3,4,0,500,5.956111111111112,1.0172222222222236
selection/insurance-first-continuous-fast,3862400515,VICTORY,13.8,5,12,282,11,4,3,0,500,10.414722222222222,2.0900000000000007
selection/insurance-first-continuous-fast,2354497091,VICTORY,11.14722222222222,5,10,252,10,4,1,0,500,7.781111111111111,1.3561111111111113
selection/insurance-first-continuous-fast,3786667018,VICTORY,9.068333333333332,5,9,270,10,4,1,0,500,5.519722222222223,0.6883333333333326
selection/skip-finals-continuous-fast,3867683136,VICTORY,8.798333333333334,4,7,213,8,3,1,0,500,5.235555555555555,1.1486111111111115
selection/skip-finals-continuous-fast,1968051372,VICTORY,9.1075,4,9,214,8,3,4,0,500,6.4225,1.077222222222222
selection/skip-finals-continuous-fast,3294515251,VICTORY,12.8,7,16,289,14,7,4,0,0,9.645833333333334,2.858611111111111
selection/skip-finals-continuous-fast,861456215,VICTORY,9.030555555555553,4,11,220,9,4,2,0,500,6.260277777777776,1.1488888888888895
selection/skip-finals-continuous-fast,246043674,VICTORY,10.567222222222224,5,9,276,10,4,6,0,500,6.3208333333333355,1.7563888888888892
selection/skip-finals-continuous-fast,2403473190,VICTORY,15.716388888888883,6,11,326,12,5,4,0,500,11.992222222222217,4.405555555555555
selection/skip-finals-continuous-fast,2866791838,VICTORY,11.908888888888894,4,9,259,9,3,4,0,500,8.668333333333335,2.329444444444446
selection/skip-finals-continuous-fast,2400989480,VICTORY,10.253888888888891,5,10,240,10,4,3,0,500,7.141666666666668,0.9213888888888884
selection/skip-finals-continuous-fast,718967882,VICTORY,7.1433333333333335,3,7,168,6,2,3,0,500,4.889166666666667,1.1819444444444442
selection/skip-finals-continuous-fast,3862400515,VICTORY,14.84222222222222,6,9,348,12,4,8,0,500,11.163611111111114,2.6661111111111095
selection/skip-finals-continuous-fast,2354497091,VICTORY,14.928333333333335,7,14,338,14,6,4,0,500,11.540555555555555,1.882222222222222
selection/skip-finals-continuous-fast,3786667018,VICTORY,8.407222222222222,4,8,219,8,3,1,0,500,5.924722222222221,0.9255555555555556
selection/skip-splitter-continuous-fast,3867683136,VICTORY,8.68638888888889,3,7,202,7,3,1,0,500,5.235555555555555,1.1486111111111115
selection/skip-splitter-continuous-fast,1968051372,VICTORY,9.494444444444444,4,9,229,8,3,4,0,500,6.4225,1.077222222222222
selection/skip-splitter-continuous-fast,3294515251,VICTORY,12.29027777777778,6,16,248,13,7,4,0,0,9.645833333333334,2.858611111111111
selection/skip-splitter-continuous-fast,861456215,VICTORY,8.844444444444441,4,11,198,9,4,1,0,500,6.260277777777776,1.1488888888888895
selection/skip-splitter-continuous-fast,246043674,VICTORY,9.53638888888889,4,9,209,8,3,5,0,500,6.3208333333333355,1.7563888888888892
selection/skip-splitter-continuous-fast,2403473190,VICTORY,15.60055555555555,6,11,305,12,5,3,0,500,11.992222222222217,4.405555555555555
selection/skip-splitter-continuous-fast,2866791838,VICTORY,11.998611111111115,4,9,261,9,3,4,0,500,8.668333333333335,2.329444444444446
selection/skip-splitter-continuous-fast,2400989480,VICTORY,10.250000000000002,4,10,229,9,4,4,0,500,7.141666666666668,0.9213888888888884
selection/skip-splitter-continuous-fast,718967882,VICTORY,7.268611111111111,3,7,161,6,2,3,0,500,4.889166666666667,1.1819444444444442
selection/skip-splitter-continuous-fast,3862400515,VICTORY,14.462499999999999,5,9,320,11,4,7,0,500,11.163611111111114,2.6661111111111095
selection/skip-splitter-continuous-fast,2354497091,VICTORY,14.467777777777778,6,14,302,13,6,4,0,500,11.540555555555555,1.882222222222222
selection/skip-splitter-continuous-fast,3786667018,VICTORY,9.230833333333331,4,8,257,9,3,1,0,500,5.924722222222221,0.9255555555555556
selection/specials-first-continuous-fast,3867683136,VICTORY,9.772777777777776,4,8,255,9,3,2,0,500,5.271666666666667,1.1113888888888894
selection/specials-first-continuous-fast,1968051372,VICTORY,11.596666666666668,5,9,282,10,3,2,0,500,6.820555555555556,1.1302777777777782
selection/specials-first-continuous-fast,3294515251,VICTORY,15.440277777777773,5,12,288,11,4,1,0,0,12.411111111111108,1.209166666666667
selection/specials-first-continuous-fast,861456215,VICTORY,11.325555555555551,5,12,261,11,5,4,0,500,8.05472222222222,1.2438888888888888
selection/specials-first-continuous-fast,246043674,VICTORY,9.381111111111112,5,13,236,10,4,1,0,500,5.4025,0.8811111111111107
selection/specials-first-continuous-fast,2403473190,VICTORY,11.264444444444448,5,9,266,10,4,2,0,500,7.045833333333334,2.5691666666666677
selection/specials-first-continuous-fast,2866791838,VICTORY,12.123333333333337,6,12,307,12,5,6,0,500,7.531666666666668,1.4675000000000002
selection/specials-first-continuous-fast,2400989480,VICTORY,13.285000000000004,5,12,281,12,5,4,0,500,9.705000000000004,1.309722222222223
selection/specials-first-continuous-fast,718967882,VICTORY,9.16638888888889,4,9,215,8,3,1,0,500,5.518055555555554,0.9938888888888883
selection/specials-first-continuous-fast,3862400515,VICTORY,14.46055555555555,6,12,329,13,5,7,0,500,10.423055555555553,1.525
selection/specials-first-continuous-fast,2354497091,VICTORY,11.415277777777778,5,11,274,11,5,2,0,500,7.5713888888888885,1.5405555555555561
selection/specials-first-continuous-fast,3786667018,VICTORY,9.932500000000001,5,9,289,11,4,5,0,500,5.788055555555556,1.0094444444444444
selection/stake-first-continuous-fast,3867683136,VICTORY,8.372777777777777,3,7,194,7,2,1,0,500,5.235555555555555,1.1444444444444446
selection/stake-first-continuous-fast,1968051372,VICTORY,10.98777777777778,5,12,259,11,4,2,0,500,6.621388888888889,1.3883333333333334
selection/stake-first-continuous-fast,3294515251,VICTORY,12.770000000000003,6,16,260,13,7,4,0,0,9.645833333333334,2.858611111111111
selection/stake-first-continuous-fast,861456215,VICTORY,9.687777777777777,4,11,212,9,4,1,0,500,6.011666666666667,1.1488888888888895
selection/stake-first-continuous-fast,246043674,VICTORY,11.650000000000004,5,8,286,10,4,4,0,500,7.513611111111114,1.7563888888888892
selection/stake-first-continuous-fast,2403473190,VICTORY,13.795833333333329,6,12,305,12,5,2,0,500,9.915277777777776,4.405555555555555
selection/stake-first-continuous-fast,2866791838,VICTORY,12.199166666666668,5,9,270,10,4,4,0,500,8.668333333333335,2.329444444444446
selection/stake-first-continuous-fast,2400989480,VICTORY,11.59888888888889,5,10,285,11,4,6,0,500,7.141666666666668,0.9213888888888884
selection/stake-first-continuous-fast,718967882,VICTORY,8.943333333333335,4,7,210,8,3,2,0,500,5.597222222222223,1.1819444444444442
selection/stake-first-continuous-fast,3862400515,VICTORY,15.603611111111112,5,9,317,11,4,8,0,500,12.195000000000002,2.6661111111111095
selection/stake-first-continuous-fast,2354497091,VICTORY,14.820833333333335,6,11,303,12,5,5,0,500,11.308333333333335,1.882222222222222
selection/stake-first-continuous-fast,3786667018,VICTORY,11.02222222222222,5,10,279,11,4,6,0,500,7.3022222222222215,0.9041666666666676
selection/thin-reserve-continuous-fast,3867683136,VICTORY,8.344722222222222,4,8,213,8,3,5,0,500,5.069166666666666,0.7355555555555554
selection/thin-reserve-continuous-fast,1968051372,VICTORY,10.173611111111112,5,10,245,10,4,5,0,500,6.936111111111111,0.9152777777777781
selection/thin-reserve-continuous-fast,3294515251,VICTORY,11.688611111111111,5,15,253,12,5,4,0,0,9.09,1.4099999999999995
selection/thin-reserve-continuous-fast,861456215,VICTORY,14.077777777777776,6,11,296,12,5,5,0,500,11.041111111111112,1.6180555555555551
selection/thin-reserve-continuous-fast,246043674,VICTORY,9.189166666666663,4,10,231,9,4,3,0,500,5.840277777777776,1.3808333333333327
selection/thin-reserve-continuous-fast,2403473190,VICTORY,12.25194444444444,5,8,283,10,4,3,0,500,8.238055555555556,1.657777777777777
selection/thin-reserve-continuous-fast,2866791838,VICTORY,14.202222222222224,5,8,312,10,4,5,0,500,10.12111111111111,1.6741666666666666
selection/thin-reserve-continuous-fast,2400989480,VICTORY,11.098055555555556,5,9,285,10,4,4,0,500,7.412777777777779,0.9319444444444446
selection/thin-reserve-continuous-fast,718967882,VICTORY,9.323333333333332,4,10,212,8,3,4,0,500,6.52,0.9777777777777776
selection/thin-reserve-continuous-fast,3862400515,VICTORY,15.174444444444443,5,8,335,11,4,3,0,500,10.786111111111108,1.9286111111111097
selection/thin-reserve-continuous-fast,2354497091,VICTORY,12.148888888888893,5,9,274,10,4,5,0,500,8.995833333333334,1.3519444444444442
selection/thin-reserve-continuous-fast,3786667018,VICTORY,10.955277777777775,4,5,291,9,3,6,0,500,7.059722222222222,1.5819444444444457
selection/worker-continuous-fast,3867683136,BARRY_LOSS,8.616666666666667,18,79,0,42,27,8,0,500,6.095833333333333,0.20416666666666666
selection/worker-continuous-fast,1968051372,BARRY_LOSS,8.5875,18,79,0,42,26,11,0,500,5.641666666666667,0.17916666666666667
selection/worker-continuous-fast,3294515251,BARRY_LOSS,8.783333333333333,18,80,0,42,26,9,0,215,,0.25833333333333336
selection/worker-continuous-fast,861456215,BARRY_LOSS,8.6125,18,79,0,42,26,15,0,500,,0.3125
selection/worker-continuous-fast,246043674,BARRY_LOSS,8.033333333333333,17,74,0,40,25,11,0,500,,0.4
selection/worker-continuous-fast,2403473190,BARRY_LOSS,8.516666666666667,18,78,0,42,27,8,0,500,,0.3125
selection/worker-continuous-fast,2866791838,BARRY_LOSS,8.1625,17,75,0,40,24,13,0,500,,0.25416666666666665
selection/worker-continuous-fast,2400989480,BARRY_LOSS,8.058333333333334,17,74,0,40,25,7,0,500,,0.3125
selection/worker-continuous-fast,718967882,BARRY_LOSS,7.920833333333333,17,73,0,40,24,9,0,500,,0.4
selection/worker-continuous-fast,3862400515,BARRY_LOSS,8.6625,18,79,0,42,28,5,0,500,6.166666666666667,0.25833333333333336
selection/worker-continuous-fast,2354497091,BARRY_LOSS,8.133333333333333,17,75,0,40,25,12,0,500,,0.22083333333333333
selection/worker-continuous-fast,3786667018,BARRY_LOSS,8.604166666666666,18,79,0,42,26,11,0,500,6.108333333333333,0.20416666666666666
