archetype,policyId,seed,outcome,realSessionMinutes,reasons
BASELINE_GROWTH,baseline_growth-v1-fail0.08+liquidity-v1,67075000,VICTORY,638.75,victory-over-45-real-minutes|giant-payout-dominated-win
BASELINE_GROWTH,baseline_growth-v1-fail0.08+liquidity-v1,67075001,VICTORY,542,victory-over-45-real-minutes|giant-payout-dominated-win
BASELINE_GROWTH,baseline_growth-v1-fail0.08+liquidity-v1,67075003,VICTORY,300.5,victory-over-45-real-minutes|giant-payout-dominated-win
BASELINE_GROWTH,baseline_growth-v1-fail0.08+liquidity-v1,67075004,VICTORY,485,victory-over-45-real-minutes|giant-payout-dominated-win
BASELINE_GROWTH,baseline_growth-v1-fail0.08+liquidity-v1,67075005,VICTORY,521.75,victory-over-45-real-minutes|giant-payout-dominated-win
BASELINE_GROWTH,baseline_growth-v1-fail0.08+liquidity-v1,67075006,VICTORY,245.25,victory-over-45-real-minutes|giant-payout-dominated-win
BASELINE_GROWTH,baseline_growth-v1-fail0.08+liquidity-v1,67075008,VICTORY,360.5,victory-over-45-real-minutes|giant-payout-dominated-win
BASELINE_GROWTH,baseline_growth-v1-fail0.08+liquidity-v1,67075010,VICTORY,208.5,victory-over-45-real-minutes|giant-payout-dominated-win
BASELINE_GROWTH,baseline_growth-v1-fail0.08+liquidity-v1,67075011,VICTORY,624.5,victory-over-45-real-minutes|giant-payout-dominated-win
BASELINE_GROWTH,baseline_growth-v1-fail0.08+liquidity-v1,67075013,VICTORY,334.5,victory-over-45-real-minutes|giant-payout-dominated-win
BASELINE_GROWTH,baseline_growth-v1-fail0.08+liquidity-v1,67075014,VICTORY,312.75,victory-over-45-real-minutes|giant-payout-dominated-win
BASELINE_GROWTH,baseline_growth-v1-fail0.08+liquidity-v1,67075015,VICTORY,634.25,victory-over-45-real-minutes|giant-payout-dominated-win
BASELINE_GROWTH,baseline_growth-v1-fail0.08+liquidity-v1,67075017,VICTORY,562.25,victory-over-45-real-minutes|giant-payout-dominated-win
BASELINE_GROWTH,baseline_growth-v1-fail0.08+liquidity-v1,67075018,VICTORY,508.25,victory-over-45-real-minutes|giant-payout-dominated-win
BASELINE_GROWTH,baseline_growth-v1-fail0.08+liquidity-v1,67075020,VICTORY,376.25,victory-over-45-real-minutes|giant-payout-dominated-win
BASELINE_GROWTH,baseline_growth-v1-fail0.08+liquidity-v1,67075021,VICTORY,589.25,victory-over-45-real-minutes|giant-payout-dominated-win
BASELINE_GROWTH,baseline_growth-v1-fail0.08+liquidity-v1,67075022,VICTORY,455.75,victory-over-45-real-minutes|giant-payout-dominated-win
BASELINE_GROWTH,baseline_growth-v1-fail0.08+liquidity-v1,67075023,VICTORY,422,victory-over-45-real-minutes|giant-payout-dominated-win
BASELINE_GROWTH,baseline_growth-v1-fail0.08+liquidity-v1,67075026,VICTORY,335.75,victory-over-45-real-minutes|giant-payout-dominated-win
BASELINE_GROWTH,baseline_growth-v1-fail0.08+liquidity-v1,67075028,VICTORY,578,victory-over-45-real-minutes|giant-payout-dominated-win
BASELINE_GROWTH,baseline_growth-v1-fail0.08+liquidity-v1,67075030,VICTORY,682.5,victory-over-45-real-minutes|giant-payout-dominated-win
BASELINE_GROWTH,baseline_growth-v1-fail0.08+liquidity-v1,67075032,VICTORY,631.25,victory-over-45-real-minutes|giant-payout-dominated-win
BASELINE_GROWTH,baseline_growth-v1-fail0.08+liquidity-v1,67075033,VICTORY,635,victory-over-45-real-minutes|giant-payout-dominated-win
BASELINE_GROWTH,baseline_growth-v1-fail0.08+liquidity-v1,67075035,VICTORY,796.25,victory-over-45-real-minutes|giant-payout-dominated-win
BASELINE_GROWTH,baseline_growth-v1-fail0.08+liquidity-v1,67075037,VICTORY,408,victory-over-45-real-minutes|giant-payout-dominated-win
BASELINE_GROWTH,baseline_growth-v1-fail0.08+liquidity-v1,67075038,VICTORY,244.25,victory-over-45-real-minutes|giant-payout-dominated-win
BASELINE_GROWTH,baseline_growth-v1-fail0.08+liquidity-v1,67075042,VICTORY,519.5,victory-over-45-real-minutes|giant-payout-dominated-win
BASELINE_GROWTH,baseline_growth-v1-fail0.08+liquidity-v1,67075043,VICTORY,575,victory-over-45-real-minutes|giant-payout-dominated-win
BASELINE_GROWTH,baseline_growth-v1-fail0.08+liquidity-v1,67075044,VICTORY,527.75,victory-over-45-real-minutes|giant-payout-dominated-win
BASELINE_GROWTH,baseline_growth-v1-fail0.08+liquidity-v1,67075048,VICTORY,744.5,victory-over-45-real-minutes|giant-payout-dominated-win
BASELINE_GROWTH,baseline_growth-v1-fail0.08+liquidity-v1,67075050,VICTORY,763.25,victory-over-45-real-minutes|giant-payout-dominated-win
BASELINE_GROWTH,baseline_growth-v1-fail0.08+liquidity-v1,67075051,VICTORY,600.5,victory-over-45-real-minutes|giant-payout-dominated-win
BASELINE_GROWTH,baseline_growth-v1-fail0.08+liquidity-v1,67075052,VICTORY,566.75,victory-over-45-real-minutes|giant-payout-dominated-win
BASELINE_GROWTH,baseline_growth-v1-fail0.08+liquidity-v1,67075053,VICTORY,395,victory-over-45-real-minutes|giant-payout-dominated-win
BASELINE_GROWTH,baseline_growth-v1-fail0.08+liquidity-v1,67075054,VICTORY,270,victory-over-45-real-minutes|giant-payout-dominated-win
BASELINE_GROWTH,baseline_growth-v1-fail0.08+liquidity-v1,67075056,VICTORY,407.75,victory-over-45-real-minutes|giant-payout-dominated-win
BASELINE_GROWTH,baseline_growth-v1-fail0.08+liquidity-v1,67075058,VICTORY,318.5,victory-over-45-real-minutes|giant-payout-dominated-win
BASELINE_GROWTH,baseline_growth-v1-fail0.08+liquidity-v1,67075059,VICTORY,491.75,victory-over-45-real-minutes|giant-payout-dominated-win
BASELINE_GROWTH,baseline_growth-v1-fail0.08+liquidity-v1,67075060,VICTORY,719,victory-over-45-real-minutes|giant-payout-dominated-win
BASELINE_GROWTH,baseline_growth-v1-fail0.08+liquidity-v1,67075062,VICTORY,824.75,victory-over-45-real-minutes|giant-payout-dominated-win
BASELINE_GROWTH,baseline_growth-v1-fail0.08+liquidity-v1,67075063,VICTORY,704,victory-over-45-real-minutes|giant-payout-dominated-win
BASELINE_GROWTH,baseline_growth-v1-fail0.08+liquidity-v1,67075066,VICTORY,850.25,victory-over-45-real-minutes|giant-payout-dominated-win
BASELINE_GROWTH,baseline_growth-v1-fail0.08+liquidity-v1,67075069,VICTORY,551,victory-over-45-real-minutes|giant-payout-dominated-win
BASELINE_GROWTH,baseline_growth-v1-fail0.08+liquidity-v1,67075071,VICTORY,509.75,victory-over-45-real-minutes|giant-payout-dominated-win
BASELINE_GROWTH,baseline_growth-v1-fail0.08+liquidity-v1,67075075,VICTORY,247.25,victory-over-45-real-minutes|giant-payout-dominated-win
BASELINE_GROWTH,baseline_growth-v1-fail0.08+liquidity-v1,67075077,VICTORY,255.75,victory-over-45-real-minutes|giant-payout-dominated-win
BASELINE_GROWTH,baseline_growth-v1-fail0.08+liquidity-v1,67075078,VICTORY,270,victory-over-45-real-minutes|giant-payout-dominated-win
BASELINE_GROWTH,baseline_growth-v1-fail0.08+liquidity-v1,67075079,VICTORY,871.25,victory-over-45-real-minutes|giant-payout-dominated-win
BASELINE_GROWTH,baseline_growth-v1-fail0.08+liquidity-v1,67075080,VICTORY,555.5,victory-over-45-real-minutes|giant-payout-dominated-win
BASELINE_GROWTH,baseline_growth-v1-fail0.08+liquidity-v1,67075085,VICTORY,481.25,victory-over-45-real-minutes|giant-payout-dominated-win
BASELINE_GROWTH,baseline_growth-v1-fail0.08+liquidity-v1,67075089,VICTORY,138.75,victory-over-45-real-minutes|giant-payout-dominated-win
BASELINE_GROWTH,baseline_growth-v1-fail0.08+liquidity-v1,67075090,VICTORY,629,victory-over-45-real-minutes|giant-payout-dominated-win
BASELINE_GROWTH,baseline_growth-v1-fail0.08+liquidity-v1,67075091,VICTORY,476,victory-over-45-real-minutes|giant-payout-dominated-win
BASELINE_GROWTH,baseline_growth-v1-fail0.08+liquidity-v1,67075093,VICTORY,437,victory-over-45-real-minutes|giant-payout-dominated-win
BASELINE_GROWTH,baseline_growth-v1-fail0.08+liquidity-v1,67075095,VICTORY,383,victory-over-45-real-minutes|giant-payout-dominated-win
BASELINE_GROWTH,baseline_growth-v1-fail0.08+liquidity-v1,67075096,VICTORY,405.5,victory-over-45-real-minutes|giant-payout-dominated-win
BASELINE_GROWTH,baseline_growth-v1-fail0.08+liquidity-v1,67075097,VICTORY,416.75,victory-over-45-real-minutes|giant-payout-dominated-win
BASELINE_GROWTH,baseline_growth-v1-fail0.08+liquidity-v1,67075101,VICTORY,611.75,victory-over-45-real-minutes|giant-payout-dominated-win
BASELINE_GROWTH,baseline_growth-v1-fail0.08+liquidity-v1,67075102,VICTORY,279.5,victory-over-45-real-minutes|giant-payout-dominated-win
BASELINE_GROWTH,baseline_growth-v1-fail0.08+liquidity-v1,67075104,VICTORY,329.75,victory-over-45-real-minutes|giant-payout-dominated-win
BASELINE_GROWTH,baseline_growth-v1-fail0.08+liquidity-v1,67075105,VICTORY,743,victory-over-45-real-minutes|giant-payout-dominated-win
BASELINE_GROWTH,baseline_growth-v1-fail0.08+liquidity-v1,67075106,VICTORY,866.75,victory-over-45-real-minutes|giant-payout-dominated-win
BASELINE_GROWTH,baseline_growth-v1-fail0.08+liquidity-v1,67075107,VICTORY,482,victory-over-45-real-minutes|giant-payout-dominated-win
BASELINE_GROWTH,baseline_growth-v1-fail0.08+liquidity-v1,67075108,VICTORY,482.75,victory-over-45-real-minutes|giant-payout-dominated-win
BASELINE_GROWTH,baseline_growth-v1-fail0.08+liquidity-v1,67075109,VICTORY,699.5,victory-over-45-real-minutes|giant-payout-dominated-win
BASELINE_GROWTH,baseline_growth-v1-fail0.08+liquidity-v1,67075117,VICTORY,713.75,victory-over-45-real-minutes|giant-payout-dominated-win
BASELINE_GROWTH,baseline_growth-v1-fail0.08+liquidity-v1,67075118,VICTORY,431.75,victory-over-45-real-minutes|giant-payout-dominated-win
BASELINE_GROWTH,baseline_growth-v1-fail0.08+liquidity-v1,67075119,VICTORY,473,victory-over-45-real-minutes|giant-payout-dominated-win
BASELINE_GROWTH,baseline_growth-v1-fail0.08+liquidity-v1,67075120,VICTORY,725.75,victory-over-45-real-minutes|giant-payout-dominated-win
BASELINE_GROWTH,baseline_growth-v1-fail0.08+liquidity-v1,67075121,VICTORY,283.25,victory-over-45-real-minutes|giant-payout-dominated-win
BASELINE_GROWTH,baseline_growth-v1-fail0.08+liquidity-v1,67075122,VICTORY,627.5,victory-over-45-real-minutes|giant-payout-dominated-win
BASELINE_GROWTH,baseline_growth-v1-fail0.08+liquidity-v1,67075127,VICTORY,382.25,victory-over-45-real-minutes|giant-payout-dominated-win
BASELINE_GROWTH,baseline_growth-v1-fail0.08+liquidity-v1,67075128,VICTORY,452.75,victory-over-45-real-minutes|giant-payout-dominated-win
BASELINE_GROWTH,baseline_growth-v1-fail0.08+liquidity-v1,67075129,VICTORY,704.75,victory-over-45-real-minutes|giant-payout-dominated-win
BASELINE_GROWTH,baseline_growth-v1-fail0.08+liquidity-v1,67075132,VICTORY,539.25,victory-over-45-real-minutes|giant-payout-dominated-win
BASELINE_GROWTH,baseline_growth-v1-fail0.08+liquidity-v1,67075133,VICTORY,474.5,victory-over-45-real-minutes|giant-payout-dominated-win
BASELINE_GROWTH,baseline_growth-v1-fail0.08+liquidity-v1,67075134,VICTORY,339.5,victory-over-45-real-minutes|giant-payout-dominated-win
BASELINE_GROWTH,baseline_growth-v1-fail0.08+liquidity-v1,67075135,VICTORY,688.25,victory-over-45-real-minutes|giant-payout-dominated-win
BASELINE_GROWTH,baseline_growth-v1-fail0.08+liquidity-v1,67075137,VICTORY,562.25,victory-over-45-real-minutes|giant-payout-dominated-win
BASELINE_GROWTH,baseline_growth-v1-fail0.08+liquidity-v1,67075140,VICTORY,207,victory-over-45-real-minutes|giant-payout-dominated-win
BASELINE_GROWTH,baseline_growth-v1-fail0.08+liquidity-v1,67075141,VICTORY,466.25,victory-over-45-real-minutes|giant-payout-dominated-win
BASELINE_GROWTH,baseline_growth-v1-fail0.08+liquidity-v1,67075143,VICTORY,438.5,victory-over-45-real-minutes|giant-payout-dominated-win
BASELINE_GROWTH,baseline_growth-v1-fail0.08+liquidity-v1,67075144,VICTORY,536,victory-over-45-real-minutes|giant-payout-dominated-win
BASELINE_GROWTH,baseline_growth-v1-fail0.08+liquidity-v1,67075146,VICTORY,275.25,victory-over-45-real-minutes|giant-payout-dominated-win
BASELINE_GROWTH,baseline_growth-v1-fail0.08+liquidity-v1,67075147,VICTORY,790.25,victory-over-45-real-minutes|giant-payout-dominated-win
BASELINE_GROWTH,baseline_growth-v1-fail0.08+liquidity-v1,67075149,VICTORY,273.75,victory-over-45-real-minutes|giant-payout-dominated-win
BASELINE_GROWTH,baseline_growth-v1-fail0.08+liquidity-v1,67075151,VICTORY,383,victory-over-45-real-minutes|giant-payout-dominated-win
BASELINE_GROWTH,baseline_growth-v1-fail0.08+liquidity-v1,67075152,VICTORY,373.25,victory-over-45-real-minutes|giant-payout-dominated-win
BASELINE_GROWTH,baseline_growth-v1-fail0.08+liquidity-v1,67075154,VICTORY,486.5,victory-over-45-real-minutes|giant-payout-dominated-win
BASELINE_GROWTH,baseline_growth-v1-fail0.08+liquidity-v1,67075156,VICTORY,411.5,victory-over-45-real-minutes|giant-payout-dominated-win
BASELINE_GROWTH,baseline_growth-v1-fail0.08+liquidity-v1,67075157,VICTORY,641,victory-over-45-real-minutes|giant-payout-dominated-win
BASELINE_GROWTH,baseline_growth-v1-fail0.08+liquidity-v1,67075158,VICTORY,786.5,victory-over-45-real-minutes|giant-payout-dominated-win
BASELINE_GROWTH,baseline_growth-v1-fail0.08+liquidity-v1,67075161,VICTORY,362,victory-over-45-real-minutes|giant-payout-dominated-win
BASELINE_GROWTH,baseline_growth-v1-fail0.08+liquidity-v1,67075164,VICTORY,279.75,victory-over-45-real-minutes|giant-payout-dominated-win
BASELINE_GROWTH,baseline_growth-v1-fail0.08+liquidity-v1,67075168,VICTORY,697.25,victory-over-45-real-minutes|giant-payout-dominated-win
BASELINE_GROWTH,baseline_growth-v1-fail0.08+liquidity-v1,67075171,VICTORY,717.5,victory-over-45-real-minutes|giant-payout-dominated-win
BASELINE_GROWTH,baseline_growth-v1-fail0.08+liquidity-v1,67075172,VICTORY,474.5,victory-over-45-real-minutes|giant-payout-dominated-win
BASELINE_GROWTH,baseline_growth-v1-fail0.08+liquidity-v1,67075174,VICTORY,610.25,victory-over-45-real-minutes|giant-payout-dominated-win
BASELINE_GROWTH,baseline_growth-v1-fail0.08+liquidity-v1,67075175,VICTORY,704.75,victory-over-45-real-minutes|giant-payout-dominated-win
BASELINE_GROWTH,baseline_growth-v1-fail0.08+liquidity-v1,67075179,VICTORY,671,victory-over-45-real-minutes|giant-payout-dominated-win
BASELINE_GROWTH,baseline_growth-v1-fail0.08+liquidity-v1,67075183,VICTORY,525.5,victory-over-45-real-minutes|giant-payout-dominated-win
BASELINE_GROWTH,baseline_growth-v1-fail0.08+liquidity-v1,67075185,VICTORY,377.75,victory-over-45-real-minutes|giant-payout-dominated-win
BASELINE_GROWTH,baseline_growth-v1-fail0.08+liquidity-v1,67075186,VICTORY,710.75,victory-over-45-real-minutes|giant-payout-dominated-win
BASELINE_GROWTH,baseline_growth-v1-fail0.08+liquidity-v1,67075187,VICTORY,513.5,victory-over-45-real-minutes|giant-payout-dominated-win
BASELINE_GROWTH,baseline_growth-v1-fail0.08+liquidity-v1,67075189,VICTORY,361.25,victory-over-45-real-minutes|giant-payout-dominated-win
BASELINE_GROWTH,baseline_growth-v1-fail0.08+liquidity-v1,67075190,VICTORY,552.5,victory-over-45-real-minutes|giant-payout-dominated-win
BASELINE_GROWTH,baseline_growth-v1-fail0.08+liquidity-v1,67075192,VICTORY,268.5,victory-over-45-real-minutes|giant-payout-dominated-win
BASELINE_GROWTH,baseline_growth-v1-fail0.08+liquidity-v1,67075194,VICTORY,703.25,victory-over-45-real-minutes|giant-payout-dominated-win
BASELINE_GROWTH,baseline_growth-v1-fail0.08+liquidity-v1,67075195,VICTORY,413,victory-over-45-real-minutes|giant-payout-dominated-win
BASELINE_GROWTH,baseline_growth-v1-fail0.08+liquidity-v1,67075196,VICTORY,278.25,victory-over-45-real-minutes|giant-payout-dominated-win
BASELINE_GROWTH,baseline_growth-v1-fail0.08+liquidity-v1,67075198,VICTORY,359.75,victory-over-45-real-minutes|giant-payout-dominated-win
BASELINE_GROWTH,baseline_growth-v1-fail0.08+liquidity-v1,67075199,VICTORY,307.25,victory-over-45-real-minutes|giant-payout-dominated-win
BASELINE_GROWTH,baseline_growth-v1-fail0.08+liquidity-v1,67075200,VICTORY,708.5,victory-over-45-real-minutes|giant-payout-dominated-win
BASELINE_GROWTH,baseline_growth-v1-fail0.08+liquidity-v1,67075201,VICTORY,268.5,victory-over-45-real-minutes|giant-payout-dominated-win
BASELINE_GROWTH,baseline_growth-v1-fail0.08+liquidity-v1,67075202,VICTORY,525.5,victory-over-45-real-minutes|giant-payout-dominated-win
BASELINE_GROWTH,baseline_growth-v1-fail0.08+liquidity-v1,67075203,VICTORY,642.5,victory-over-45-real-minutes|giant-payout-dominated-win
BASELINE_GROWTH,baseline_growth-v1-fail0.08+liquidity-v1,67075208,VICTORY,563,victory-over-45-real-minutes|giant-payout-dominated-win
BASELINE_GROWTH,baseline_growth-v1-fail0.08+liquidity-v1,67075209,VICTORY,473,victory-over-45-real-minutes|giant-payout-dominated-win
BASELINE_GROWTH,baseline_growth-v1-fail0.08+liquidity-v1,67075210,VICTORY,580.25,victory-over-45-real-minutes|giant-payout-dominated-win
BASELINE_GROWTH,baseline_growth-v1-fail0.08+liquidity-v1,67075211,VICTORY,406.5,victory-over-45-real-minutes|giant-payout-dominated-win
BASELINE_GROWTH,baseline_growth-v1-fail0.08+liquidity-v1,67075213,VICTORY,323,victory-over-45-real-minutes|giant-payout-dominated-win
BASELINE_GROWTH,baseline_growth-v1-fail0.08+liquidity-v1,67075214,VICTORY,389,victory-over-45-real-minutes|giant-payout-dominated-win
BASELINE_GROWTH,baseline_growth-v1-fail0.08+liquidity-v1,67075216,VICTORY,338,victory-over-45-real-minutes|giant-payout-dominated-win
BASELINE_GROWTH,baseline_growth-v1-fail0.08+liquidity-v1,67075217,VICTORY,623,victory-over-45-real-minutes|giant-payout-dominated-win
BASELINE_GROWTH,baseline_growth-v1-fail0.08+liquidity-v1,67075219,VICTORY,288,victory-over-45-real-minutes|giant-payout-dominated-win
BASELINE_GROWTH,baseline_growth-v1-fail0.08+liquidity-v1,67075222,VICTORY,542,victory-over-45-real-minutes|giant-payout-dominated-win
BASELINE_GROWTH,baseline_growth-v1-fail0.08+liquidity-v1,67075223,VICTORY,633.5,victory-over-45-real-minutes|giant-payout-dominated-win
BASELINE_GROWTH,baseline_growth-v1-fail0.08+liquidity-v1,67075224,VICTORY,682.25,victory-over-45-real-minutes|giant-payout-dominated-win
BASELINE_GROWTH,baseline_growth-v1-fail0.08+liquidity-v1,67075227,VICTORY,499.25,victory-over-45-real-minutes|giant-payout-dominated-win
BASELINE_GROWTH,baseline_growth-v1-fail0.08+liquidity-v1,67075229,VICTORY,419.75,victory-over-45-real-minutes|giant-payout-dominated-win
BASELINE_GROWTH,baseline_growth-v1-fail0.08+liquidity-v1,67075233,VICTORY,554,victory-over-45-real-minutes|giant-payout-dominated-win
BASELINE_GROWTH,baseline_growth-v1-fail0.08+liquidity-v1,67075235,VICTORY,278,victory-over-45-real-minutes|giant-payout-dominated-win
BASELINE_GROWTH,baseline_growth-v1-fail0.08+liquidity-v1,67075236,VICTORY,408,victory-over-45-real-minutes|giant-payout-dominated-win
BASELINE_GROWTH,baseline_growth-v1-fail0.08+liquidity-v1,67075237,VICTORY,360.5,victory-over-45-real-minutes|giant-payout-dominated-win
BASELINE_GROWTH,baseline_growth-v1-fail0.08+liquidity-v1,67075240,VICTORY,771.5,victory-over-45-real-minutes|giant-payout-dominated-win
BASELINE_GROWTH,baseline_growth-v1-fail0.08+liquidity-v1,67075241,VICTORY,482.75,victory-over-45-real-minutes|giant-payout-dominated-win
BASELINE_GROWTH,baseline_growth-v1-fail0.08+liquidity-v1,67075243,VICTORY,490.25,victory-over-45-real-minutes|giant-payout-dominated-win
BASELINE_GROWTH,baseline_growth-v1-fail0.08+liquidity-v1,67075248,VICTORY,377.75,victory-over-45-real-minutes|giant-payout-dominated-win
BASELINE_GROWTH,baseline_growth-v1-fail0.08+liquidity-v1,67075250,VICTORY,317,victory-over-45-real-minutes|giant-payout-dominated-win
BASELINE_GROWTH,baseline_growth-v1-fail0.08+liquidity-v1,67075251,VICTORY,632,victory-over-45-real-minutes|giant-payout-dominated-win
BASELINE_GROWTH,baseline_growth-v1-fail0.08+liquidity-v1,67075252,VICTORY,337.25,victory-over-45-real-minutes|giant-payout-dominated-win
BASELINE_GROWTH,baseline_growth-v1-fail0.08+liquidity-v1,67075253,VICTORY,559.25,victory-over-45-real-minutes|giant-payout-dominated-win
BASELINE_GROWTH,baseline_growth-v1-fail0.08+liquidity-v1,67075261,VICTORY,441.5,victory-over-45-real-minutes|giant-payout-dominated-win
BASELINE_GROWTH,baseline_growth-v1-fail0.08+liquidity-v1,67075265,VICTORY,341,victory-over-45-real-minutes|giant-payout-dominated-win
BASELINE_GROWTH,baseline_growth-v1-fail0.08+liquidity-v1,67075273,VICTORY,791,victory-over-45-real-minutes|giant-payout-dominated-win
BASELINE_GROWTH,baseline_growth-v1-fail0.08+liquidity-v1,67075275,VICTORY,413,victory-over-45-real-minutes|giant-payout-dominated-win
BASELINE_GROWTH,baseline_growth-v1-fail0.08+liquidity-v1,67075280,VICTORY,785,victory-over-45-real-minutes|giant-payout-dominated-win
BASELINE_GROWTH,baseline_growth-v1-fail0.08+liquidity-v1,67075284,VICTORY,483.5,victory-over-45-real-minutes|giant-payout-dominated-win
BASELINE_GROWTH,baseline_growth-v1-fail0.08+liquidity-v1,67075285,VICTORY,406.25,victory-over-45-real-minutes|giant-payout-dominated-win
BASELINE_GROWTH,baseline_growth-v1-fail0.08+liquidity-v1,67075287,VICTORY,335.75,victory-over-45-real-minutes|giant-payout-dominated-win
BASELINE_GROWTH,baseline_growth-v1-fail0.08+liquidity-v1,67075289,VICTORY,668.75,victory-over-45-real-minutes|giant-payout-dominated-win
BASELINE_GROWTH,baseline_growth-v1-fail0.08+liquidity-v1,67075292,VICTORY,342.5,victory-over-45-real-minutes|giant-payout-dominated-win
BASELINE_GROWTH,baseline_growth-v1-fail0.08+liquidity-v1,67075294,VICTORY,778.25,victory-over-45-real-minutes|giant-payout-dominated-win
BASELINE_GROWTH,baseline_growth-v1-fail0.08+liquidity-v1,67075298,VICTORY,854,victory-over-45-real-minutes|giant-payout-dominated-win
BASELINE_GROWTH,baseline_growth-v1-fail0.08+liquidity-v1,67075299,VICTORY,442.25,victory-over-45-real-minutes|giant-payout-dominated-win
BASELINE_GROWTH,baseline_growth-v1-fail0.08+liquidity-v1,67075301,VICTORY,770,victory-over-45-real-minutes|giant-payout-dominated-win
BASELINE_GROWTH,baseline_growth-v1-fail0.08+liquidity-v1,67075302,VICTORY,484.25,victory-over-45-real-minutes|giant-payout-dominated-win
BASELINE_GROWTH,baseline_growth-v1-fail0.08+liquidity-v1,67075306,VICTORY,704,victory-over-45-real-minutes|giant-payout-dominated-win
BASELINE_GROWTH,baseline_growth-v1-fail0.08+liquidity-v1,67075307,VICTORY,339.5,victory-over-45-real-minutes|giant-payout-dominated-win
BASELINE_GROWTH,baseline_growth-v1-fail0.08+liquidity-v1,67075309,HP_DEATH,282.6,dumpster-hp-death
BASELINE_GROWTH,baseline_growth-v1-fail0.08+liquidity-v1,67075313,VICTORY,414.5,victory-over-45-real-minutes|giant-payout-dominated-win
BASELINE_GROWTH,baseline_growth-v1-fail0.08+liquidity-v1,67075314,VICTORY,412.25,victory-over-45-real-minutes|giant-payout-dominated-win
BASELINE_GROWTH,baseline_growth-v1-fail0.08+liquidity-v1,67075318,VICTORY,439.25,victory-over-45-real-minutes|giant-payout-dominated-win
BASELINE_GROWTH,baseline_growth-v1-fail0.08+liquidity-v1,67075322,VICTORY,434,victory-over-45-real-minutes|giant-payout-dominated-win
BASELINE_GROWTH,baseline_growth-v1-fail0.08+liquidity-v1,67075323,VICTORY,410,victory-over-45-real-minutes|giant-payout-dominated-win
BASELINE_GROWTH,baseline_growth-v1-fail0.08+liquidity-v1,67075325,VICTORY,659,victory-over-45-real-minutes|giant-payout-dominated-win
BASELINE_GROWTH,baseline_growth-v1-fail0.08+liquidity-v1,67075328,VICTORY,937.25,victory-over-45-real-minutes|giant-payout-dominated-win
BASELINE_GROWTH,baseline_growth-v1-fail0.08+liquidity-v1,67075329,VICTORY,548.75,victory-over-45-real-minutes|giant-payout-dominated-win
BASELINE_GROWTH,baseline_growth-v1-fail0.08+liquidity-v1,67075330,VICTORY,410,victory-over-45-real-minutes|giant-payout-dominated-win
BASELINE_GROWTH,baseline_growth-v1-fail0.08+liquidity-v1,67075331,VICTORY,325.25,victory-over-45-real-minutes|giant-payout-dominated-win
BASELINE_GROWTH,baseline_growth-v1-fail0.08+liquidity-v1,67075334,VICTORY,356.25,victory-over-45-real-minutes|giant-payout-dominated-win
BASELINE_GROWTH,baseline_growth-v1-fail0.08+liquidity-v1,67075335,VICTORY,619.25,victory-over-45-real-minutes|giant-payout-dominated-win
BASELINE_GROWTH,baseline_growth-v1-fail0.08+liquidity-v1,67075338,VICTORY,627.5,victory-over-45-real-minutes|giant-payout-dominated-win
BASELINE_GROWTH,baseline_growth-v1-fail0.08+liquidity-v1,67075346,VICTORY,404,victory-over-45-real-minutes|giant-payout-dominated-win
BASELINE_GROWTH,baseline_growth-v1-fail0.08+liquidity-v1,67075347,VICTORY,409.25,victory-over-45-real-minutes|giant-payout-dominated-win
BASELINE_GROWTH,baseline_growth-v1-fail0.08+liquidity-v1,67075348,VICTORY,375.5,victory-over-45-real-minutes|giant-payout-dominated-win
BASELINE_GROWTH,baseline_growth-v1-fail0.08+liquidity-v1,67075350,VICTORY,339.5,victory-over-45-real-minutes|giant-payout-dominated-win
BASELINE_GROWTH,baseline_growth-v1-fail0.08+liquidity-v1,67075351,VICTORY,492.75,victory-over-45-real-minutes|giant-payout-dominated-win
BASELINE_GROWTH,baseline_growth-v1-fail0.08+liquidity-v1,67075352,VICTORY,513.5,victory-over-45-real-minutes|giant-payout-dominated-win
BASELINE_GROWTH,baseline_growth-v1-fail0.08+liquidity-v1,67075354,VICTORY,517.25,victory-over-45-real-minutes|giant-payout-dominated-win
BASELINE_GROWTH,baseline_growth-v1-fail0.08+liquidity-v1,67075355,VICTORY,385.25,victory-over-45-real-minutes|giant-payout-dominated-win
BASELINE_GROWTH,baseline_growth-v1-fail0.08+liquidity-v1,67075360,VICTORY,453.5,victory-over-45-real-minutes|giant-payout-dominated-win
BASELINE_GROWTH,baseline_growth-v1-fail0.08+liquidity-v1,67075363,VICTORY,361.25,victory-over-45-real-minutes|giant-payout-dominated-win
BASELINE_GROWTH,baseline_growth-v1-fail0.08+liquidity-v1,67075364,VICTORY,512.75,victory-over-45-real-minutes|giant-payout-dominated-win
BASELINE_GROWTH,baseline_growth-v1-fail0.08+liquidity-v1,67075371,VICTORY,577.25,victory-over-45-real-minutes|giant-payout-dominated-win
BASELINE_GROWTH,baseline_growth-v1-fail0.08+liquidity-v1,67075372,VICTORY,618.5,victory-over-45-real-minutes|giant-payout-dominated-win
BASELINE_GROWTH,baseline_growth-v1-fail0.08+liquidity-v1,67075373,VICTORY,698.75,victory-over-45-real-minutes|giant-payout-dominated-win
BASELINE_GROWTH,baseline_growth-v1-fail0.08+liquidity-v1,67075375,VICTORY,574.25,victory-over-45-real-minutes|giant-payout-dominated-win
BASELINE_GROWTH,baseline_growth-v1-fail0.08+liquidity-v1,67075376,VICTORY,686,victory-over-45-real-minutes|giant-payout-dominated-win
BASELINE_GROWTH,baseline_growth-v1-fail0.08+liquidity-v1,67075381,VICTORY,580.25,victory-over-45-real-minutes|giant-payout-dominated-win
BASELINE_GROWTH,baseline_growth-v1-fail0.08+liquidity-v1,67075382,VICTORY,761,victory-over-45-real-minutes|giant-payout-dominated-win
BASELINE_GROWTH,baseline_growth-v1-fail0.08+liquidity-v1,67075384,VICTORY,506.75,victory-over-45-real-minutes|giant-payout-dominated-win
BASELINE_GROWTH,baseline_growth-v1-fail0.08+liquidity-v1,67075385,VICTORY,267.75,victory-over-45-real-minutes|giant-payout-dominated-win
BASELINE_GROWTH,baseline_growth-v1-fail0.08+liquidity-v1,67075387,VICTORY,626,victory-over-45-real-minutes|giant-payout-dominated-win
BASELINE_GROWTH,baseline_growth-v1-fail0.08+liquidity-v1,67075393,VICTORY,264.75,victory-over-45-real-minutes|giant-payout-dominated-win
BASELINE_GROWTH,baseline_growth-v1-fail0.08+liquidity-v1,67075397,VICTORY,864.5,victory-over-45-real-minutes|giant-payout-dominated-win
BASELINE_GROWTH,baseline_growth-v1-fail0.08+liquidity-v1,67075399,VICTORY,394.25,victory-over-45-real-minutes|giant-payout-dominated-win
BASELINE_GROWTH,baseline_growth-v1-fail0.08+liquidity-v1,67075401,VICTORY,382.25,victory-over-45-real-minutes|giant-payout-dominated-win
BASELINE_GROWTH,baseline_growth-v1-fail0.08+liquidity-v1,67075402,VICTORY,423.5,victory-over-45-real-minutes|giant-payout-dominated-win
BASELINE_GROWTH,baseline_growth-v1-fail0.08+liquidity-v1,67075405,VICTORY,935.75,victory-over-45-real-minutes|giant-payout-dominated-win
BASELINE_GROWTH,baseline_growth-v1-fail0.08+liquidity-v1,67075407,VICTORY,701,victory-over-45-real-minutes|giant-payout-dominated-win
BASELINE_GROWTH,baseline_growth-v1-fail0.08+liquidity-v1,67075409,VICTORY,315.5,victory-over-45-real-minutes|giant-payout-dominated-win
BASELINE_GROWTH,baseline_growth-v1-fail0.08+liquidity-v1,67075412,VICTORY,794,victory-over-45-real-minutes|giant-payout-dominated-win
BASELINE_GROWTH,baseline_growth-v1-fail0.08+liquidity-v1,67075413,VICTORY,683,victory-over-45-real-minutes|giant-payout-dominated-win
BASELINE_GROWTH,baseline_growth-v1-fail0.08+liquidity-v1,67075415,VICTORY,339.5,victory-over-45-real-minutes|giant-payout-dominated-win
BASELINE_GROWTH,baseline_growth-v1-fail0.08+liquidity-v1,67075419,VICTORY,291.75,victory-over-45-real-minutes|giant-payout-dominated-win
BASELINE_GROWTH,baseline_growth-v1-fail0.08+liquidity-v1,67075420,VICTORY,486.5,victory-over-45-real-minutes|giant-payout-dominated-win
BASELINE_GROWTH,baseline_growth-v1-fail0.08+liquidity-v1,67075423,VICTORY,320.75,victory-over-45-real-minutes|giant-payout-dominated-win
BASELINE_GROWTH,baseline_growth-v1-fail0.08+liquidity-v1,67075425,VICTORY,305,victory-over-45-real-minutes|giant-payout-dominated-win
BASELINE_GROWTH,baseline_growth-v1-fail0.08+liquidity-v1,67075427,VICTORY,407,victory-over-45-real-minutes|giant-payout-dominated-win
BASELINE_GROWTH,baseline_growth-v1-fail0.08+liquidity-v1,67075428,VICTORY,693,victory-over-45-real-minutes|giant-payout-dominated-win
BASELINE_GROWTH,baseline_growth-v1-fail0.08+liquidity-v1,67075429,VICTORY,673.25,victory-over-45-real-minutes|giant-payout-dominated-win
BASELINE_GROWTH,baseline_growth-v1-fail0.08+liquidity-v1,67075431,VICTORY,407,victory-over-45-real-minutes|giant-payout-dominated-win
BASELINE_GROWTH,baseline_growth-v1-fail0.08+liquidity-v1,67075432,VICTORY,563,victory-over-45-real-minutes|giant-payout-dominated-win
BASELINE_GROWTH,baseline_growth-v1-fail0.08+liquidity-v1,67075434,VICTORY,345.75,victory-over-45-real-minutes|giant-payout-dominated-win
BASELINE_GROWTH,baseline_growth-v1-fail0.08+liquidity-v1,67075436,VICTORY,350,victory-over-45-real-minutes|giant-payout-dominated-win
BASELINE_GROWTH,baseline_growth-v1-fail0.08+liquidity-v1,67075437,VICTORY,482,victory-over-45-real-minutes|giant-payout-dominated-win
BASELINE_GROWTH,baseline_growth-v1-fail0.08+liquidity-v1,67075438,VICTORY,402.5,victory-over-45-real-minutes|giant-payout-dominated-win
BASELINE_GROWTH,baseline_growth-v1-fail0.08+liquidity-v1,67075444,VICTORY,386,victory-over-45-real-minutes|giant-payout-dominated-win
BASELINE_GROWTH,baseline_growth-v1-fail0.08+liquidity-v1,67075447,VICTORY,350,victory-over-45-real-minutes|giant-payout-dominated-win
BASELINE_GROWTH,baseline_growth-v1-fail0.08+liquidity-v1,67075448,VICTORY,576.5,victory-over-45-real-minutes|giant-payout-dominated-win
BASELINE_GROWTH,baseline_growth-v1-fail0.08+liquidity-v1,67075451,VICTORY,353,victory-over-45-real-minutes
BASELINE_GROWTH,baseline_growth-v1-fail0.08+liquidity-v1,67075452,VICTORY,491.75,victory-over-45-real-minutes|giant-payout-dominated-win
BASELINE_GROWTH,baseline_growth-v1-fail0.08+liquidity-v1,67075453,VICTORY,809,victory-over-45-real-minutes|giant-payout-dominated-win
BASELINE_GROWTH,baseline_growth-v1-fail0.08+liquidity-v1,67075455,VICTORY,463.25,victory-over-45-real-minutes|giant-payout-dominated-win
BASELINE_GROWTH,baseline_growth-v1-fail0.08+liquidity-v1,67075456,VICTORY,501.5,victory-over-45-real-minutes|giant-payout-dominated-win
BASELINE_GROWTH,baseline_growth-v1-fail0.08+liquidity-v1,67075457,VICTORY,503,victory-over-45-real-minutes|giant-payout-dominated-win
BASELINE_GROWTH,baseline_growth-v1-fail0.08+liquidity-v1,67075458,VICTORY,502.25,victory-over-45-real-minutes|giant-payout-dominated-win
BASELINE_GROWTH,baseline_growth-v1-fail0.08+liquidity-v1,67075460,VICTORY,569.75,victory-over-45-real-minutes|giant-payout-dominated-win
BASELINE_GROWTH,baseline_growth-v1-fail0.08+liquidity-v1,67075463,VICTORY,414.75,victory-over-45-real-minutes|giant-payout-dominated-win
BASELINE_GROWTH,baseline_growth-v1-fail0.08+liquidity-v1,67075464,VICTORY,342,victory-over-45-real-minutes|giant-payout-dominated-win
BASELINE_GROWTH,baseline_growth-v1-fail0.08+liquidity-v1,67075467,VICTORY,695,victory-over-45-real-minutes|giant-payout-dominated-win
BASELINE_GROWTH,baseline_growth-v1-fail0.08+liquidity-v1,67075468,VICTORY,566,victory-over-45-real-minutes|giant-payout-dominated-win
BASELINE_GROWTH,baseline_growth-v1-fail0.08+liquidity-v1,67075470,VICTORY,433.25,victory-over-45-real-minutes|giant-payout-dominated-win
BASELINE_GROWTH,baseline_growth-v1-fail0.08+liquidity-v1,67075471,VICTORY,779.75,victory-over-45-real-minutes|giant-payout-dominated-win
BASELINE_GROWTH,baseline_growth-v1-fail0.08+liquidity-v1,67075473,VICTORY,605,victory-over-45-real-minutes|giant-payout-dominated-win
BASELINE_GROWTH,baseline_growth-v1-fail0.08+liquidity-v1,67075474,VICTORY,236.25,victory-over-45-real-minutes|giant-payout-dominated-win
BASELINE_GROWTH,baseline_growth-v1-fail0.08+liquidity-v1,67075476,VICTORY,504.5,victory-over-45-real-minutes|giant-payout-dominated-win
BASELINE_GROWTH,baseline_growth-v1-fail0.08+liquidity-v1,67075485,VICTORY,470.75,victory-over-45-real-minutes|giant-payout-dominated-win
BASELINE_GROWTH,baseline_growth-v1-fail0.08+liquidity-v1,67075486,VICTORY,245.25,victory-over-45-real-minutes|giant-payout-dominated-win
BASELINE_GROWTH,baseline_growth-v1-fail0.08+liquidity-v1,67075488,VICTORY,621.5,victory-over-45-real-minutes|giant-payout-dominated-win
BASELINE_GROWTH,baseline_growth-v1-fail0.08+liquidity-v1,67075489,VICTORY,635.75,victory-over-45-real-minutes|giant-payout-dominated-win
BASELINE_GROWTH,baseline_growth-v1-fail0.08+liquidity-v1,67075493,VICTORY,340.25,victory-over-45-real-minutes|giant-payout-dominated-win
BASELINE_GROWTH,baseline_growth-v1-fail0.08+liquidity-v1,67075495,VICTORY,508.25,victory-over-45-real-minutes|giant-payout-dominated-win
BASELINE_GROWTH,baseline_growth-v1-fail0.08+liquidity-v1,67075497,VICTORY,543.5,victory-over-45-real-minutes|giant-payout-dominated-win
BASELINE_GROWTH,baseline_growth-v1-fail0.08+liquidity-v1,67075498,VICTORY,258.75,victory-over-45-real-minutes|giant-payout-dominated-win
BASELINE_GROWTH,baseline_growth-v1-fail0.08+liquidity-v1,67075499,VICTORY,354,victory-over-45-real-minutes
BASELINE_GROWTH,baseline_growth-v1-fail0.08+liquidity-v1,67075501,VICTORY,436.25,victory-over-45-real-minutes|giant-payout-dominated-win
BASELINE_GROWTH,baseline_growth-v1-fail0.08+liquidity-v1,67075502,VICTORY,386,victory-over-45-real-minutes|giant-payout-dominated-win
BASELINE_GROWTH,baseline_growth-v1-fail0.08+liquidity-v1,67075508,VICTORY,644,victory-over-45-real-minutes|giant-payout-dominated-win
BASELINE_GROWTH,baseline_growth-v1-fail0.08+liquidity-v1,67075509,VICTORY,456.75,victory-over-45-real-minutes|giant-payout-dominated-win
BASELINE_GROWTH,baseline_growth-v1-fail0.08+liquidity-v1,67075510,VICTORY,621.5,victory-over-45-real-minutes|giant-payout-dominated-win
BASELINE_GROWTH,baseline_growth-v1-fail0.08+liquidity-v1,67075513,VICTORY,567.5,victory-over-45-real-minutes|giant-payout-dominated-win
BASELINE_GROWTH,baseline_growth-v1-fail0.08+liquidity-v1,67075520,VICTORY,698,victory-over-45-real-minutes|giant-payout-dominated-win
BASELINE_GROWTH,baseline_growth-v1-fail0.08+liquidity-v1,67075523,VICTORY,479.25,victory-over-45-real-minutes|giant-payout-dominated-win
BASELINE_GROWTH,baseline_growth-v1-fail0.08+liquidity-v1,67075525,VICTORY,494,victory-over-45-real-minutes|giant-payout-dominated-win
BASELINE_GROWTH,baseline_growth-v1-fail0.08+liquidity-v1,67075526,VICTORY,272,victory-over-45-real-minutes|giant-payout-dominated-win
BASELINE_GROWTH,baseline_growth-v1-fail0.08+liquidity-v1,67075528,VICTORY,774.5,victory-over-45-real-minutes|giant-payout-dominated-win
BASELINE_GROWTH,baseline_growth-v1-fail0.08+liquidity-v1,67075529,VICTORY,613.25,victory-over-45-real-minutes|giant-payout-dominated-win
BASELINE_GROWTH,baseline_growth-v1-fail0.08+liquidity-v1,67075530,VICTORY,412.5,victory-over-45-real-minutes|giant-payout-dominated-win
BASELINE_GROWTH,baseline_growth-v1-fail0.08+liquidity-v1,67075534,VICTORY,442.25,victory-over-45-real-minutes|giant-payout-dominated-win
BASELINE_GROWTH,baseline_growth-v1-fail0.08+liquidity-v1,67075535,VICTORY,397.25,victory-over-45-real-minutes|giant-payout-dominated-win
BASELINE_GROWTH,baseline_growth-v1-fail0.08+liquidity-v1,67075537,VICTORY,485.75,victory-over-45-real-minutes|giant-payout-dominated-win
BASELINE_GROWTH,baseline_growth-v1-fail0.08+liquidity-v1,67075539,VICTORY,359.75,victory-over-45-real-minutes|giant-payout-dominated-win
BASELINE_GROWTH,baseline_growth-v1-fail0.08+liquidity-v1,67075541,VICTORY,677.75,victory-over-45-real-minutes|giant-payout-dominated-win
BASELINE_GROWTH,baseline_growth-v1-fail0.08+liquidity-v1,67075546,VICTORY,513.5,victory-over-45-real-minutes|giant-payout-dominated-win
BASELINE_GROWTH,baseline_growth-v1-fail0.08+liquidity-v1,67075548,VICTORY,282.75,victory-over-45-real-minutes|giant-payout-dominated-win
BASELINE_GROWTH,baseline_growth-v1-fail0.08+liquidity-v1,67075549,VICTORY,625.25,victory-over-45-real-minutes|giant-payout-dominated-win
BASELINE_GROWTH,baseline_growth-v1-fail0.08+liquidity-v1,67075551,VICTORY,405.5,victory-over-45-real-minutes|giant-payout-dominated-win
BASELINE_GROWTH,baseline_growth-v1-fail0.08+liquidity-v1,67075552,VICTORY,413.75,victory-over-45-real-minutes|giant-payout-dominated-win
BASELINE_GROWTH,baseline_growth-v1-fail0.08+liquidity-v1,67075553,VICTORY,622.25,victory-over-45-real-minutes|giant-payout-dominated-win
BASELINE_GROWTH,baseline_growth-v1-fail0.08+liquidity-v1,67075554,VICTORY,443,victory-over-45-real-minutes|giant-payout-dominated-win
BASELINE_GROWTH,baseline_growth-v1-fail0.08+liquidity-v1,67075555,VICTORY,407.75,victory-over-45-real-minutes|giant-payout-dominated-win
BASELINE_GROWTH,baseline_growth-v1-fail0.08+liquidity-v1,67075556,VICTORY,352.25,victory-over-45-real-minutes|giant-payout-dominated-win
BASELINE_GROWTH,baseline_growth-v1-fail0.08+liquidity-v1,67075557,VICTORY,438.5,victory-over-45-real-minutes|giant-payout-dominated-win
BASELINE_GROWTH,baseline_growth-v1-fail0.08+liquidity-v1,67075559,VICTORY,270,victory-over-45-real-minutes|giant-payout-dominated-win
BASELINE_GROWTH,baseline_growth-v1-fail0.08+liquidity-v1,67075562,VICTORY,437,victory-over-45-real-minutes|giant-payout-dominated-win
BASELINE_GROWTH,baseline_growth-v1-fail0.08+liquidity-v1,67075563,VICTORY,763.25,victory-over-45-real-minutes|giant-payout-dominated-win
BASELINE_GROWTH,baseline_growth-v1-fail0.08+liquidity-v1,67075564,VICTORY,473,victory-over-45-real-minutes|giant-payout-dominated-win
BASELINE_GROWTH,baseline_growth-v1-fail0.08+liquidity-v1,67075565,VICTORY,494.75,victory-over-45-real-minutes|giant-payout-dominated-win
BASELINE_GROWTH,baseline_growth-v1-fail0.08+liquidity-v1,67075566,VICTORY,497,victory-over-45-real-minutes|giant-payout-dominated-win
BASELINE_GROWTH,baseline_growth-v1-fail0.08+liquidity-v1,67075569,VICTORY,334.25,victory-over-45-real-minutes|giant-payout-dominated-win
BASELINE_GROWTH,baseline_growth-v1-fail0.08+liquidity-v1,67075571,VICTORY,416.75,victory-over-45-real-minutes|giant-payout-dominated-win
BASELINE_GROWTH,baseline_growth-v1-fail0.08+liquidity-v1,67075575,VICTORY,788,victory-over-45-real-minutes|giant-payout-dominated-win
BASELINE_GROWTH,baseline_growth-v1-fail0.08+liquidity-v1,67075576,VICTORY,566,victory-over-45-real-minutes|giant-payout-dominated-win
BASELINE_GROWTH,baseline_growth-v1-fail0.08+liquidity-v1,67075578,VICTORY,571.25,victory-over-45-real-minutes|giant-payout-dominated-win
BASELINE_GROWTH,baseline_growth-v1-fail0.08+liquidity-v1,67075579,VICTORY,728,victory-over-45-real-minutes|giant-payout-dominated-win
BASELINE_GROWTH,baseline_growth-v1-fail0.08+liquidity-v1,67075583,VICTORY,381.5,victory-over-45-real-minutes|giant-payout-dominated-win
BASELINE_GROWTH,baseline_growth-v1-fail0.08+liquidity-v1,67075584,VICTORY,493.25,victory-over-45-real-minutes|giant-payout-dominated-win
BASELINE_GROWTH,baseline_growth-v1-fail0.08+liquidity-v1,67075585,VICTORY,407,victory-over-45-real-minutes|giant-payout-dominated-win
BASELINE_GROWTH,baseline_growth-v1-fail0.08+liquidity-v1,67075588,VICTORY,341,victory-over-45-real-minutes|giant-payout-dominated-win
BASELINE_GROWTH,baseline_growth-v1-fail0.08+liquidity-v1,67075589,VICTORY,359.75,victory-over-45-real-minutes|giant-payout-dominated-win
BASELINE_GROWTH,baseline_growth-v1-fail0.08+liquidity-v1,67075590,VICTORY,197.75,victory-over-45-real-minutes|giant-payout-dominated-win
BASELINE_GROWTH,baseline_growth-v1-fail0.08+liquidity-v1,67075592,VICTORY,560.75,victory-over-45-real-minutes|giant-payout-dominated-win
BASELINE_GROWTH,baseline_growth-v1-fail0.08+liquidity-v1,67075594,VICTORY,431.75,victory-over-45-real-minutes|giant-payout-dominated-win
BASELINE_GROWTH,baseline_growth-v1-fail0.08+liquidity-v1,67075600,VICTORY,300.5,victory-over-45-real-minutes|giant-payout-dominated-win
BASELINE_GROWTH,baseline_growth-v1-fail0.08+liquidity-v1,67075601,VICTORY,292.25,victory-over-45-real-minutes|giant-payout-dominated-win
BASELINE_GROWTH,baseline_growth-v1-fail0.08+liquidity-v1,67075606,VICTORY,450.5,victory-over-45-real-minutes|giant-payout-dominated-win
BASELINE_GROWTH,baseline_growth-v1-fail0.08+liquidity-v1,67075607,VICTORY,169.5,victory-over-45-real-minutes|giant-payout-dominated-win
BASELINE_GROWTH,baseline_growth-v1-fail0.08+liquidity-v1,67075608,VICTORY,709.25,victory-over-45-real-minutes|giant-payout-dominated-win
BASELINE_GROWTH,baseline_growth-v1-fail0.08+liquidity-v1,67075610,VICTORY,419.75,victory-over-45-real-minutes|giant-payout-dominated-win
BASELINE_GROWTH,baseline_growth-v1-fail0.08+liquidity-v1,67075611,VICTORY,336.5,victory-over-45-real-minutes|giant-payout-dominated-win
BASELINE_GROWTH,baseline_growth-v1-fail0.08+liquidity-v1,67075612,VICTORY,492.5,victory-over-45-real-minutes|giant-payout-dominated-win
BASELINE_GROWTH,baseline_growth-v1-fail0.08+liquidity-v1,67075616,VICTORY,343.25,victory-over-45-real-minutes|giant-payout-dominated-win
BASELINE_GROWTH,baseline_growth-v1-fail0.08+liquidity-v1,67075617,VICTORY,551.75,victory-over-45-real-minutes|giant-payout-dominated-win
BASELINE_GROWTH,baseline_growth-v1-fail0.08+liquidity-v1,67075618,VICTORY,778.25,victory-over-45-real-minutes|giant-payout-dominated-win
BASELINE_GROWTH,baseline_growth-v1-fail0.08+liquidity-v1,67075621,VICTORY,416.75,victory-over-45-real-minutes|giant-payout-dominated-win
BASELINE_GROWTH,baseline_growth-v1-fail0.08+liquidity-v1,67075622,VICTORY,262.5,victory-over-45-real-minutes|giant-payout-dominated-win
BASELINE_GROWTH,baseline_growth-v1-fail0.08+liquidity-v1,67075623,VICTORY,538.25,victory-over-45-real-minutes|giant-payout-dominated-win
BASELINE_GROWTH,baseline_growth-v1-fail0.08+liquidity-v1,67075624,VICTORY,542.75,victory-over-45-real-minutes|giant-payout-dominated-win
BASELINE_GROWTH,baseline_growth-v1-fail0.08+liquidity-v1,67075625,VICTORY,210,victory-over-45-real-minutes|giant-payout-dominated-win
BASELINE_GROWTH,baseline_growth-v1-fail0.08+liquidity-v1,67075626,VICTORY,857.75,victory-over-45-real-minutes|giant-payout-dominated-win
BASELINE_GROWTH,baseline_growth-v1-fail0.08+liquidity-v1,67075627,VICTORY,264.5,victory-over-45-real-minutes|giant-payout-dominated-win
BASELINE_GROWTH,baseline_growth-v1-fail0.08+liquidity-v1,67075629,VICTORY,661.25,victory-over-45-real-minutes|giant-payout-dominated-win
BASELINE_GROWTH,baseline_growth-v1-fail0.08+liquidity-v1,67075634,VICTORY,778.25,victory-over-45-real-minutes|giant-payout-dominated-win
BASELINE_GROWTH,baseline_growth-v1-fail0.08+liquidity-v1,67075635,VICTORY,407,victory-over-45-real-minutes|giant-payout-dominated-win
BASELINE_GROWTH,baseline_growth-v1-fail0.08+liquidity-v1,67075637,VICTORY,269.25,victory-over-45-real-minutes|giant-payout-dominated-win
BASELINE_GROWTH,baseline_growth-v1-fail0.08+liquidity-v1,67075638,VICTORY,461.75,victory-over-45-real-minutes|giant-payout-dominated-win
BASELINE_GROWTH,baseline_growth-v1-fail0.08+liquidity-v1,67075641,VICTORY,685.25,victory-over-45-real-minutes|giant-payout-dominated-win
BASELINE_GROWTH,baseline_growth-v1-fail0.08+liquidity-v1,67075642,VICTORY,362,victory-over-45-real-minutes|giant-payout-dominated-win
BASELINE_GROWTH,baseline_growth-v1-fail0.08+liquidity-v1,67075645,VICTORY,308.75,victory-over-45-real-minutes|giant-payout-dominated-win
BASELINE_GROWTH,baseline_growth-v1-fail0.08+liquidity-v1,67075647,VICTORY,499.25,victory-over-45-real-minutes|giant-payout-dominated-win
BASELINE_GROWTH,baseline_growth-v1-fail0.08+liquidity-v1,67075651,VICTORY,493.25,victory-over-45-real-minutes|giant-payout-dominated-win
BASELINE_GROWTH,baseline_growth-v1-fail0.08+liquidity-v1,67075652,VICTORY,709.25,victory-over-45-real-minutes|giant-payout-dominated-win
BASELINE_GROWTH,baseline_growth-v1-fail0.08+liquidity-v1,67075653,VICTORY,773,victory-over-45-real-minutes|giant-payout-dominated-win
BASELINE_GROWTH,baseline_growth-v1-fail0.08+liquidity-v1,67075654,VICTORY,316.25,victory-over-45-real-minutes|giant-payout-dominated-win
BASELINE_GROWTH,baseline_growth-v1-fail0.08+liquidity-v1,67075655,VICTORY,336.5,victory-over-45-real-minutes|giant-payout-dominated-win
BASELINE_GROWTH,baseline_growth-v1-fail0.08+liquidity-v1,67075657,VICTORY,626,victory-over-45-real-minutes|giant-payout-dominated-win
BASELINE_GROWTH,baseline_growth-v1-fail0.08+liquidity-v1,67075661,VICTORY,640.25,victory-over-45-real-minutes|giant-payout-dominated-win
BASELINE_GROWTH,baseline_growth-v1-fail0.08+liquidity-v1,67075662,VICTORY,466.25,victory-over-45-real-minutes|giant-payout-dominated-win
BASELINE_GROWTH,baseline_growth-v1-fail0.08+liquidity-v1,67075663,VICTORY,435.5,victory-over-45-real-minutes|giant-payout-dominated-win
BASELINE_GROWTH,baseline_growth-v1-fail0.08+liquidity-v1,67075665,VICTORY,249,victory-over-45-real-minutes|giant-payout-dominated-win
BASELINE_GROWTH,baseline_growth-v1-fail0.08+liquidity-v1,67075667,VICTORY,851,victory-over-45-real-minutes|giant-payout-dominated-win
BASELINE_GROWTH,baseline_growth-v1-fail0.08+liquidity-v1,67075669,VICTORY,638.75,victory-over-45-real-minutes|giant-payout-dominated-win
BASELINE_GROWTH,baseline_growth-v1-fail0.08+liquidity-v1,67075670,VICTORY,340.25,victory-over-45-real-minutes|giant-payout-dominated-win
BASELINE_GROWTH,baseline_growth-v1-fail0.08+liquidity-v1,67075673,VICTORY,323.75,victory-over-45-real-minutes|giant-payout-dominated-win
BASELINE_GROWTH,baseline_growth-v1-fail0.08+liquidity-v1,67075678,VICTORY,483.5,victory-over-45-real-minutes|giant-payout-dominated-win
BASELINE_GROWTH,baseline_growth-v1-fail0.08+liquidity-v1,67075679,VICTORY,348,victory-over-45-real-minutes|giant-payout-dominated-win
BASELINE_GROWTH,baseline_growth-v1-fail0.08+liquidity-v1,67075680,VICTORY,409.25,victory-over-45-real-minutes|giant-payout-dominated-win
BASELINE_GROWTH,baseline_growth-v1-fail0.08+liquidity-v1,67075681,VICTORY,637.25,victory-over-45-real-minutes|giant-payout-dominated-win
BASELINE_GROWTH,baseline_growth-v1-fail0.08+liquidity-v1,67075682,VICTORY,515,victory-over-45-real-minutes|giant-payout-dominated-win
BASELINE_GROWTH,baseline_growth-v1-fail0.08+liquidity-v1,67075683,VICTORY,781.25,victory-over-45-real-minutes|giant-payout-dominated-win
BASELINE_GROWTH,baseline_growth-v1-fail0.08+liquidity-v1,67075685,VICTORY,211.5,victory-over-45-real-minutes|giant-payout-dominated-win
BASELINE_GROWTH,baseline_growth-v1-fail0.08+liquidity-v1,67075686,VICTORY,647,victory-over-45-real-minutes|giant-payout-dominated-win
BASELINE_GROWTH,baseline_growth-v1-fail0.08+liquidity-v1,67075687,VICTORY,671,victory-over-45-real-minutes|giant-payout-dominated-win
BASELINE_GROWTH,baseline_growth-v1-fail0.08+liquidity-v1,67075689,VICTORY,420.5,victory-over-45-real-minutes|giant-payout-dominated-win
BASELINE_GROWTH,baseline_growth-v1-fail0.08+liquidity-v1,67075691,VICTORY,210,victory-over-45-real-minutes|giant-payout-dominated-win
BASELINE_GROWTH,baseline_growth-v1-fail0.08+liquidity-v1,67075695,VICTORY,688.25,victory-over-45-real-minutes|giant-payout-dominated-win
BASELINE_GROWTH,baseline_growth-v1-fail0.08+liquidity-v1,67075696,VICTORY,596.75,victory-over-45-real-minutes|giant-payout-dominated-win
BASELINE_GROWTH,baseline_growth-v1-fail0.08+liquidity-v1,67075697,VICTORY,469.25,victory-over-45-real-minutes|giant-payout-dominated-win
BASELINE_GROWTH,baseline_growth-v1-fail0.08+liquidity-v1,67075701,VICTORY,383,victory-over-45-real-minutes|giant-payout-dominated-win
BASELINE_GROWTH,baseline_growth-v1-fail0.08+liquidity-v1,67075702,VICTORY,477.5,victory-over-45-real-minutes|giant-payout-dominated-win
BASELINE_GROWTH,baseline_growth-v1-fail0.08+liquidity-v1,67075703,VICTORY,483.5,victory-over-45-real-minutes|giant-payout-dominated-win
BASELINE_GROWTH,baseline_growth-v1-fail0.08+liquidity-v1,67075706,VICTORY,329.75,victory-over-45-real-minutes|giant-payout-dominated-win
BASELINE_GROWTH,baseline_growth-v1-fail0.08+liquidity-v1,67075709,VICTORY,647,victory-over-45-real-minutes|giant-payout-dominated-win
BASELINE_GROWTH,baseline_growth-v1-fail0.08+liquidity-v1,67075710,VICTORY,501.5,victory-over-45-real-minutes|giant-payout-dominated-win
BASELINE_GROWTH,baseline_growth-v1-fail0.08+liquidity-v1,67075711,VICTORY,689,victory-over-45-real-minutes|giant-payout-dominated-win
BASELINE_GROWTH,baseline_growth-v1-fail0.08+liquidity-v1,67075714,VICTORY,929.75,victory-over-45-real-minutes|giant-payout-dominated-win
BASELINE_GROWTH,baseline_growth-v1-fail0.08+liquidity-v1,67075716,VICTORY,692,victory-over-45-real-minutes|giant-payout-dominated-win
BASELINE_GROWTH,baseline_growth-v1-fail0.08+liquidity-v1,67075717,VICTORY,548,victory-over-45-real-minutes|giant-payout-dominated-win
BASELINE_GROWTH,baseline_growth-v1-fail0.08+liquidity-v1,67075725,VICTORY,277.25,victory-over-45-real-minutes|giant-payout-dominated-win
BASELINE_GROWTH,baseline_growth-v1-fail0.08+liquidity-v1,67075726,VICTORY,615.5,victory-over-45-real-minutes|giant-payout-dominated-win
BASELINE_GROWTH,baseline_growth-v1-fail0.08+liquidity-v1,67075728,VICTORY,682.25,victory-over-45-real-minutes|giant-payout-dominated-win
BASELINE_GROWTH,baseline_growth-v1-fail0.08+liquidity-v1,67075732,VICTORY,569,victory-over-45-real-minutes|giant-payout-dominated-win
BASELINE_GROWTH,baseline_growth-v1-fail0.08+liquidity-v1,67075734,VICTORY,609.5,victory-over-45-real-minutes|giant-payout-dominated-win
BASELINE_GROWTH,baseline_growth-v1-fail0.08+liquidity-v1,67075736,VICTORY,356.75,victory-over-45-real-minutes|giant-payout-dominated-win
BASELINE_GROWTH,baseline_growth-v1-fail0.08+liquidity-v1,67075737,VICTORY,565.25,victory-over-45-real-minutes|giant-payout-dominated-win
BASELINE_GROWTH,baseline_growth-v1-fail0.08+liquidity-v1,67075738,VICTORY,267,victory-over-45-real-minutes|giant-payout-dominated-win
BASELINE_GROWTH,baseline_growth-v1-fail0.08+liquidity-v1,67075743,VICTORY,583.25,victory-over-45-real-minutes|giant-payout-dominated-win
BASELINE_GROWTH,baseline_growth-v1-fail0.08+liquidity-v1,67075745,VICTORY,636.5,victory-over-45-real-minutes|giant-payout-dominated-win
BASELINE_GROWTH,baseline_growth-v1-fail0.08+liquidity-v1,67075749,VICTORY,762.5,victory-over-45-real-minutes|giant-payout-dominated-win
BASELINE_GROWTH,baseline_growth-v1-fail0.08+liquidity-v1,67075750,VICTORY,576.5,victory-over-45-real-minutes|giant-payout-dominated-win
BASELINE_GROWTH,baseline_growth-v1-fail0.08+liquidity-v1,67075752,VICTORY,268.5,victory-over-45-real-minutes|giant-payout-dominated-win
BASELINE_GROWTH,baseline_growth-v1-fail0.08+liquidity-v1,67075753,VICTORY,373.25,victory-over-45-real-minutes|giant-payout-dominated-win
BASELINE_GROWTH,baseline_growth-v1-fail0.08+liquidity-v1,67075755,VICTORY,431,victory-over-45-real-minutes|giant-payout-dominated-win
BASELINE_GROWTH,baseline_growth-v1-fail0.08+liquidity-v1,67075757,VICTORY,491.75,victory-over-45-real-minutes|giant-payout-dominated-win
BASELINE_GROWTH,baseline_growth-v1-fail0.08+liquidity-v1,67075760,VICTORY,434.75,victory-over-45-real-minutes|giant-payout-dominated-win
BASELINE_GROWTH,baseline_growth-v1-fail0.08+liquidity-v1,67075762,VICTORY,675.5,victory-over-45-real-minutes|giant-payout-dominated-win
BASELINE_GROWTH,baseline_growth-v1-fail0.08+liquidity-v1,67075763,VICTORY,626,victory-over-45-real-minutes|giant-payout-dominated-win
BASELINE_GROWTH,baseline_growth-v1-fail0.08+liquidity-v1,67075766,VICTORY,623,victory-over-45-real-minutes|giant-payout-dominated-win
BASELINE_GROWTH,baseline_growth-v1-fail0.08+liquidity-v1,67075767,VICTORY,357.5,victory-over-45-real-minutes|giant-payout-dominated-win
BASELINE_GROWTH,baseline_growth-v1-fail0.08+liquidity-v1,67075774,VICTORY,434,victory-over-45-real-minutes|giant-payout-dominated-win
BASELINE_GROWTH,baseline_growth-v1-fail0.08+liquidity-v1,67075776,VICTORY,452,victory-over-45-real-minutes|giant-payout-dominated-win
BASELINE_GROWTH,baseline_growth-v1-fail0.08+liquidity-v1,67075780,VICTORY,722.75,victory-over-45-real-minutes|giant-payout-dominated-win
BASELINE_GROWTH,baseline_growth-v1-fail0.08+liquidity-v1,67075782,VICTORY,223.5,victory-over-45-real-minutes|giant-payout-dominated-win
BASELINE_GROWTH,baseline_growth-v1-fail0.08+liquidity-v1,67075783,VICTORY,250.25,victory-over-45-real-minutes|giant-payout-dominated-win
BASELINE_GROWTH,baseline_growth-v1-fail0.08+liquidity-v1,67075784,VICTORY,419,victory-over-45-real-minutes|giant-payout-dominated-win
BASELINE_GROWTH,baseline_growth-v1-fail0.08+liquidity-v1,67075785,VICTORY,423.75,victory-over-45-real-minutes|giant-payout-dominated-win
BASELINE_GROWTH,baseline_growth-v1-fail0.08+liquidity-v1,67075786,VICTORY,500.75,victory-over-45-real-minutes|giant-payout-dominated-win
BASELINE_GROWTH,baseline_growth-v1-fail0.08+liquidity-v1,67075787,VICTORY,350,victory-over-45-real-minutes|giant-payout-dominated-win
BASELINE_GROWTH,baseline_growth-v1-fail0.08+liquidity-v1,67075789,VICTORY,638.75,victory-over-45-real-minutes|giant-payout-dominated-win
BASELINE_GROWTH,baseline_growth-v1-fail0.08+liquidity-v1,67075792,VICTORY,495.5,victory-over-45-real-minutes|giant-payout-dominated-win
BASELINE_GROWTH,baseline_growth-v1-fail0.08+liquidity-v1,67075794,VICTORY,460.25,victory-over-45-real-minutes|giant-payout-dominated-win
BASELINE_GROWTH,baseline_growth-v1-fail0.08+liquidity-v1,67075795,VICTORY,347.75,victory-over-45-real-minutes|giant-payout-dominated-win
BASELINE_GROWTH,baseline_growth-v1-fail0.08+liquidity-v1,67075796,VICTORY,215.25,victory-over-45-real-minutes|giant-payout-dominated-win
BASELINE_GROWTH,baseline_growth-v1-fail0.08+liquidity-v1,67075797,VICTORY,541.25,victory-over-45-real-minutes|giant-payout-dominated-win
BASELINE_GROWTH,baseline_growth-v1-fail0.08+liquidity-v1,67075798,VICTORY,292.25,victory-over-45-real-minutes|giant-payout-dominated-win
BASELINE_GROWTH,baseline_growth-v1-fail0.08+liquidity-v1,67075799,VICTORY,272.75,victory-over-45-real-minutes|giant-payout-dominated-win
BASELINE_GROWTH,baseline_growth-v1-fail0.08+liquidity-v1,67075800,VICTORY,794.75,victory-over-45-real-minutes|giant-payout-dominated-win
BASELINE_GROWTH,baseline_growth-v1-fail0.08+liquidity-v1,67075801,VICTORY,491.75,victory-over-45-real-minutes|giant-payout-dominated-win
BASELINE_GROWTH,baseline_growth-v1-fail0.08+liquidity-v1,67075802,VICTORY,368,victory-over-45-real-minutes|giant-payout-dominated-win
BASELINE_GROWTH,baseline_growth-v1-fail0.08+liquidity-v1,67075805,VICTORY,446,victory-over-45-real-minutes|giant-payout-dominated-win
BASELINE_GROWTH,baseline_growth-v1-fail0.08+liquidity-v1,67075806,VICTORY,223.25,victory-over-45-real-minutes|giant-payout-dominated-win
BASELINE_GROWTH,baseline_growth-v1-fail0.08+liquidity-v1,67075808,VICTORY,733.25,victory-over-45-real-minutes|giant-payout-dominated-win
BASELINE_GROWTH,baseline_growth-v1-fail0.08+liquidity-v1,67075809,VICTORY,636.5,victory-over-45-real-minutes|giant-payout-dominated-win
BASELINE_GROWTH,baseline_growth-v1-fail0.08+liquidity-v1,67075811,VICTORY,440,victory-over-45-real-minutes|giant-payout-dominated-win
BASELINE_GROWTH,baseline_growth-v1-fail0.08+liquidity-v1,67075813,VICTORY,344.75,victory-over-45-real-minutes|giant-payout-dominated-win
BASELINE_GROWTH,baseline_growth-v1-fail0.08+liquidity-v1,67075815,VICTORY,632,victory-over-45-real-minutes|giant-payout-dominated-win
BASELINE_GROWTH,baseline_growth-v1-fail0.08+liquidity-v1,67075818,VICTORY,290.75,victory-over-45-real-minutes|giant-payout-dominated-win
BASELINE_GROWTH,baseline_growth-v1-fail0.08+liquidity-v1,67075824,VICTORY,405,victory-over-45-real-minutes|giant-payout-dominated-win
BASELINE_GROWTH,baseline_growth-v1-fail0.08+liquidity-v1,67075825,VICTORY,403.25,victory-over-45-real-minutes|giant-payout-dominated-win
BASELINE_GROWTH,baseline_growth-v1-fail0.08+liquidity-v1,67075828,VICTORY,704,victory-over-45-real-minutes|giant-payout-dominated-win
BASELINE_GROWTH,baseline_growth-v1-fail0.08+liquidity-v1,67075830,VICTORY,707,victory-over-45-real-minutes|giant-payout-dominated-win
BASELINE_GROWTH,baseline_growth-v1-fail0.08+liquidity-v1,67075832,VICTORY,709.25,victory-over-45-real-minutes|giant-payout-dominated-win
BASELINE_GROWTH,baseline_growth-v1-fail0.08+liquidity-v1,67075834,VICTORY,277.25,victory-over-45-real-minutes|giant-payout-dominated-win
BASELINE_GROWTH,baseline_growth-v1-fail0.08+liquidity-v1,67075836,VICTORY,363.5,victory-over-45-real-minutes|giant-payout-dominated-win
BASELINE_GROWTH,baseline_growth-v1-fail0.08+liquidity-v1,67075837,VICTORY,331.5,victory-over-45-real-minutes|giant-payout-dominated-win
BASELINE_GROWTH,baseline_growth-v1-fail0.08+liquidity-v1,67075838,VICTORY,637.25,victory-over-45-real-minutes|giant-payout-dominated-win
BASELINE_GROWTH,baseline_growth-v1-fail0.08+liquidity-v1,67075839,VICTORY,872,victory-over-45-real-minutes|giant-payout-dominated-win
BASELINE_GROWTH,baseline_growth-v1-fail0.08+liquidity-v1,67075843,VICTORY,377,victory-over-45-real-minutes|giant-payout-dominated-win
BASELINE_GROWTH,baseline_growth-v1-fail0.08+liquidity-v1,67075844,VICTORY,316.25,victory-over-45-real-minutes|giant-payout-dominated-win
BASELINE_GROWTH,baseline_growth-v1-fail0.08+liquidity-v1,67075845,VICTORY,394.25,victory-over-45-real-minutes
BASELINE_GROWTH,baseline_growth-v1-fail0.08+liquidity-v1,67075848,VICTORY,932,victory-over-45-real-minutes|giant-payout-dominated-win
BASELINE_GROWTH,baseline_growth-v1-fail0.08+liquidity-v1,67075849,VICTORY,355.5,victory-over-45-real-minutes|giant-payout-dominated-win
BASELINE_GROWTH,baseline_growth-v1-fail0.08+liquidity-v1,67075852,VICTORY,141.75,victory-over-45-real-minutes|giant-payout-dominated-win
BASELINE_GROWTH,baseline_growth-v1-fail0.08+liquidity-v1,67075857,VICTORY,292.25,victory-over-45-real-minutes|giant-payout-dominated-win
BASELINE_GROWTH,baseline_growth-v1-fail0.08+liquidity-v1,67075860,VICTORY,305,victory-over-45-real-minutes|giant-payout-dominated-win
BASELINE_GROWTH,baseline_growth-v1-fail0.08+liquidity-v1,67075863,VICTORY,685.25,victory-over-45-real-minutes|giant-payout-dominated-win
BASELINE_GROWTH,baseline_growth-v1-fail0.08+liquidity-v1,67075864,VICTORY,773,victory-over-45-real-minutes|giant-payout-dominated-win
BASELINE_GROWTH,baseline_growth-v1-fail0.08+liquidity-v1,67075866,VICTORY,370.25,victory-over-45-real-minutes|giant-payout-dominated-win
BASELINE_GROWTH,baseline_growth-v1-fail0.08+liquidity-v1,67075868,VICTORY,476,victory-over-45-real-minutes|giant-payout-dominated-win
BASELINE_GROWTH,baseline_growth-v1-fail0.08+liquidity-v1,67075869,VICTORY,707,victory-over-45-real-minutes|giant-payout-dominated-win
BASELINE_GROWTH,baseline_growth-v1-fail0.08+liquidity-v1,67075871,VICTORY,407,victory-over-45-real-minutes|giant-payout-dominated-win
BASELINE_GROWTH,baseline_growth-v1-fail0.08+liquidity-v1,67075873,VICTORY,394.25,victory-over-45-real-minutes|giant-payout-dominated-win
BASELINE_GROWTH,baseline_growth-v1-fail0.08+liquidity-v1,67075877,VICTORY,520.25,victory-over-45-real-minutes|giant-payout-dominated-win
BASELINE_GROWTH,baseline_growth-v1-fail0.08+liquidity-v1,67075878,VICTORY,347.75,victory-over-45-real-minutes|giant-payout-dominated-win
BASELINE_GROWTH,baseline_growth-v1-fail0.08+liquidity-v1,67075881,VICTORY,642.5,victory-over-45-real-minutes|giant-payout-dominated-win
BASELINE_GROWTH,baseline_growth-v1-fail0.08+liquidity-v1,67075884,VICTORY,336.75,victory-over-45-real-minutes|giant-payout-dominated-win
BASELINE_GROWTH,baseline_growth-v1-fail0.08+liquidity-v1,67075885,VICTORY,358.5,victory-over-45-real-minutes|giant-payout-dominated-win
BASELINE_GROWTH,baseline_growth-v1-fail0.08+liquidity-v1,67075889,VICTORY,207.75,victory-over-45-real-minutes|giant-payout-dominated-win
BASELINE_GROWTH,baseline_growth-v1-fail0.08+liquidity-v1,67075890,VICTORY,479.75,victory-over-45-real-minutes|giant-payout-dominated-win
BASELINE_GROWTH,baseline_growth-v1-fail0.08+liquidity-v1,67075891,VICTORY,273,victory-over-45-real-minutes|giant-payout-dominated-win
BASELINE_GROWTH,baseline_growth-v1-fail0.08+liquidity-v1,67075892,VICTORY,917,victory-over-45-real-minutes|giant-payout-dominated-win
BASELINE_GROWTH,baseline_growth-v1-fail0.08+liquidity-v1,67075893,VICTORY,761.75,victory-over-45-real-minutes|giant-payout-dominated-win
BASELINE_GROWTH,baseline_growth-v1-fail0.08+liquidity-v1,67075896,VICTORY,710,victory-over-45-real-minutes|giant-payout-dominated-win
BASELINE_GROWTH,baseline_growth-v1-fail0.08+liquidity-v1,67075898,VICTORY,779,victory-over-45-real-minutes|giant-payout-dominated-win
BASELINE_GROWTH,baseline_growth-v1-fail0.08+liquidity-v1,67075899,VICTORY,293.25,victory-over-45-real-minutes|giant-payout-dominated-win
BASELINE_GROWTH,baseline_growth-v1-fail0.08+liquidity-v1,67075900,VICTORY,494,victory-over-45-real-minutes|giant-payout-dominated-win
BASELINE_GROWTH,baseline_growth-v1-fail0.08+liquidity-v1,67075902,VICTORY,338,victory-over-45-real-minutes|giant-payout-dominated-win
BASELINE_GROWTH,baseline_growth-v1-fail0.08+liquidity-v1,67075904,VICTORY,632,victory-over-45-real-minutes|giant-payout-dominated-win
BASELINE_GROWTH,baseline_growth-v1-fail0.08+liquidity-v1,67075906,VICTORY,572.75,victory-over-45-real-minutes|giant-payout-dominated-win
BASELINE_GROWTH,baseline_growth-v1-fail0.08+liquidity-v1,67075908,VICTORY,475.25,victory-over-45-real-minutes|giant-payout-dominated-win
BASELINE_GROWTH,baseline_growth-v1-fail0.08+liquidity-v1,67075909,VICTORY,667.25,victory-over-45-real-minutes|giant-payout-dominated-win
BASELINE_GROWTH,baseline_growth-v1-fail0.08+liquidity-v1,67075910,VICTORY,787.25,victory-over-45-real-minutes|giant-payout-dominated-win
BASELINE_GROWTH,baseline_growth-v1-fail0.08+liquidity-v1,67075912,VICTORY,256.5,victory-over-45-real-minutes|giant-payout-dominated-win
BASELINE_GROWTH,baseline_growth-v1-fail0.08+liquidity-v1,67075915,VICTORY,578.75,victory-over-45-real-minutes|giant-payout-dominated-win
BASELINE_GROWTH,baseline_growth-v1-fail0.08+liquidity-v1,67075916,VICTORY,475.25,victory-over-45-real-minutes|giant-payout-dominated-win
BASELINE_GROWTH,baseline_growth-v1-fail0.08+liquidity-v1,67075918,VICTORY,422,victory-over-45-real-minutes|giant-payout-dominated-win
BASELINE_GROWTH,baseline_growth-v1-fail0.08+liquidity-v1,67075921,VICTORY,345.75,victory-over-45-real-minutes|giant-payout-dominated-win
BASELINE_GROWTH,baseline_growth-v1-fail0.08+liquidity-v1,67075923,VICTORY,719.75,victory-over-45-real-minutes|giant-payout-dominated-win
BASELINE_GROWTH,baseline_growth-v1-fail0.08+liquidity-v1,67075924,VICTORY,474.5,victory-over-45-real-minutes|giant-payout-dominated-win
BASELINE_GROWTH,baseline_growth-v1-fail0.08+liquidity-v1,67075925,VICTORY,469.25,victory-over-45-real-minutes|giant-payout-dominated-win
BASELINE_GROWTH,baseline_growth-v1-fail0.08+liquidity-v1,67075926,VICTORY,249.75,victory-over-45-real-minutes|giant-payout-dominated-win
BASELINE_GROWTH,baseline_growth-v1-fail0.08+liquidity-v1,67075928,VICTORY,770,victory-over-45-real-minutes|giant-payout-dominated-win
BASELINE_GROWTH,baseline_growth-v1-fail0.08+liquidity-v1,67075929,VICTORY,316.5,victory-over-45-real-minutes|giant-payout-dominated-win
BASELINE_GROWTH,baseline_growth-v1-fail0.08+liquidity-v1,67075931,VICTORY,450.5,victory-over-45-real-minutes|giant-payout-dominated-win
BASELINE_GROWTH,baseline_growth-v1-fail0.08+liquidity-v1,67075932,VICTORY,247.25,victory-over-45-real-minutes|giant-payout-dominated-win
BASELINE_GROWTH,baseline_growth-v1-fail0.08+liquidity-v1,67075933,VICTORY,579.5,victory-over-45-real-minutes|giant-payout-dominated-win
BASELINE_GROWTH,baseline_growth-v1-fail0.08+liquidity-v1,67075934,VICTORY,497,victory-over-45-real-minutes|giant-payout-dominated-win
BASELINE_GROWTH,baseline_growth-v1-fail0.08+liquidity-v1,67075935,VICTORY,385.25,victory-over-45-real-minutes|giant-payout-dominated-win
BASELINE_GROWTH,baseline_growth-v1-fail0.08+liquidity-v1,67075937,VICTORY,293.75,victory-over-45-real-minutes|giant-payout-dominated-win
BASELINE_GROWTH,baseline_growth-v1-fail0.08+liquidity-v1,67075939,VICTORY,386.75,victory-over-45-real-minutes|giant-payout-dominated-win
BASELINE_GROWTH,baseline_growth-v1-fail0.08+liquidity-v1,67075941,VICTORY,321.5,victory-over-45-real-minutes|giant-payout-dominated-win
BASELINE_GROWTH,baseline_growth-v1-fail0.08+liquidity-v1,67075944,VICTORY,283.25,victory-over-45-real-minutes|giant-payout-dominated-win
BASELINE_GROWTH,baseline_growth-v1-fail0.08+liquidity-v1,67075947,VICTORY,779,victory-over-45-real-minutes|giant-payout-dominated-win
BASELINE_GROWTH,baseline_growth-v1-fail0.08+liquidity-v1,67075948,VICTORY,577.25,victory-over-45-real-minutes|giant-payout-dominated-win
BASELINE_GROWTH,baseline_growth-v1-fail0.08+liquidity-v1,67075953,VICTORY,351,victory-over-45-real-minutes|giant-payout-dominated-win
BASELINE_GROWTH,baseline_growth-v1-fail0.08+liquidity-v1,67075956,VICTORY,782.75,victory-over-45-real-minutes|giant-payout-dominated-win
BASELINE_GROWTH,baseline_growth-v1-fail0.08+liquidity-v1,67075959,VICTORY,843.5,victory-over-45-real-minutes|giant-payout-dominated-win
BASELINE_GROWTH,baseline_growth-v1-fail0.08+liquidity-v1,67075961,VICTORY,410.75,victory-over-45-real-minutes|giant-payout-dominated-win
BASELINE_GROWTH,baseline_growth-v1-fail0.08+liquidity-v1,67075964,VICTORY,560,victory-over-45-real-minutes|giant-payout-dominated-win
BASELINE_GROWTH,baseline_growth-v1-fail0.08+liquidity-v1,67075966,VICTORY,507.5,victory-over-45-real-minutes|giant-payout-dominated-win
BASELINE_GROWTH,baseline_growth-v1-fail0.08+liquidity-v1,67075967,VICTORY,388.25,victory-over-45-real-minutes|giant-payout-dominated-win
BASELINE_GROWTH,baseline_growth-v1-fail0.08+liquidity-v1,67075972,VICTORY,361.25,victory-over-45-real-minutes|giant-payout-dominated-win
BASELINE_GROWTH,baseline_growth-v1-fail0.08+liquidity-v1,67075973,VICTORY,322.25,victory-over-45-real-minutes|giant-payout-dominated-win
BASELINE_GROWTH,baseline_growth-v1-fail0.08+liquidity-v1,67075974,VICTORY,633.5,victory-over-45-real-minutes|giant-payout-dominated-win
BASELINE_GROWTH,baseline_growth-v1-fail0.08+liquidity-v1,67075975,VICTORY,270,victory-over-45-real-minutes|giant-payout-dominated-win
BASELINE_GROWTH,baseline_growth-v1-fail0.08+liquidity-v1,67075977,VICTORY,330.75,victory-over-45-real-minutes|giant-payout-dominated-win
BASELINE_GROWTH,baseline_growth-v1-fail0.08+liquidity-v1,67075979,VICTORY,556.5,victory-over-45-real-minutes|giant-payout-dominated-win
BASELINE_GROWTH,baseline_growth-v1-fail0.08+liquidity-v1,67075981,VICTORY,701.75,victory-over-45-real-minutes|giant-payout-dominated-win
BASELINE_GROWTH,baseline_growth-v1-fail0.08+liquidity-v1,67075982,VICTORY,632.75,victory-over-45-real-minutes|giant-payout-dominated-win
BASELINE_GROWTH,baseline_growth-v1-fail0.08+liquidity-v1,67075984,VICTORY,431,victory-over-45-real-minutes|giant-payout-dominated-win
BASELINE_GROWTH,baseline_growth-v1-fail0.08+liquidity-v1,67075985,VICTORY,704,victory-over-45-real-minutes|giant-payout-dominated-win
BASELINE_GROWTH,baseline_growth-v1-fail0.08+liquidity-v1,67075989,VICTORY,318.5,victory-over-45-real-minutes|giant-payout-dominated-win
BASELINE_GROWTH,baseline_growth-v1-fail0.08+liquidity-v1,67075990,VICTORY,276.5,victory-over-45-real-minutes|giant-payout-dominated-win
BASELINE_GROWTH,baseline_growth-v1-fail0.08+liquidity-v1,67075991,VICTORY,766.25,victory-over-45-real-minutes|giant-payout-dominated-win
BASELINE_GROWTH,baseline_growth-v1-fail0.08+liquidity-v1,67075995,VICTORY,196.5,victory-over-45-real-minutes|giant-payout-dominated-win
BASELINE_GROWTH,baseline_growth-v1-fail0.08+liquidity-v1,67075996,VICTORY,619.25,victory-over-45-real-minutes|giant-payout-dominated-win
AGGRESSIVE,aggressive-v1-fail0.12+liquidity-v1,67076024,HP_DEATH,754.15,dumpster-hp-death
AGGRESSIVE,aggressive-v1-fail0.12+liquidity-v1,67076126,HP_DEATH,822.8,dumpster-hp-death
AGGRESSIVE,aggressive-v1-fail0.12+liquidity-v1,67076153,VICTORY,459.75,victory-over-45-real-minutes
AGGRESSIVE,aggressive-v1-fail0.12+liquidity-v1,67076181,HP_DEATH,129,dumpster-hp-death
AGGRESSIVE,aggressive-v1-fail0.12+liquidity-v1,67076204,HP_DEATH,708.5,dumpster-hp-death
AGGRESSIVE,aggressive-v1-fail0.12+liquidity-v1,67076322,HP_DEATH,627.9,dumpster-hp-death
AGGRESSIVE,aggressive-v1-fail0.12+liquidity-v1,67076354,VICTORY,483.5,victory-over-45-real-minutes|giant-payout-dominated-win
AGGRESSIVE,aggressive-v1-fail0.12+liquidity-v1,67076422,VICTORY,295.25,victory-over-45-real-minutes
AGGRESSIVE,aggressive-v1-fail0.12+liquidity-v1,67076464,HP_DEATH,381.4,dumpster-hp-death
AGGRESSIVE,aggressive-v1-fail0.12+liquidity-v1,67076496,HP_DEATH,168.4,dumpster-hp-death
AGGRESSIVE,aggressive-v1-fail0.12+liquidity-v1,67076523,VICTORY,415.25,victory-over-45-real-minutes
AGGRESSIVE,aggressive-v1-fail0.12+liquidity-v1,67076588,HP_DEATH,515.25,dumpster-hp-death
AGGRESSIVE,aggressive-v1-fail0.12+liquidity-v1,67076602,HP_DEATH,683.5,dumpster-hp-death
AGGRESSIVE,aggressive-v1-fail0.12+liquidity-v1,67076621,VICTORY,246.5,victory-over-45-real-minutes
AGGRESSIVE,aggressive-v1-fail0.12+liquidity-v1,67076646,HP_DEATH,546.4,dumpster-hp-death
AGGRESSIVE,aggressive-v1-fail0.12+liquidity-v1,67076772,VICTORY,335.5,victory-over-45-real-minutes
AGGRESSIVE,aggressive-v1-fail0.12+liquidity-v1,67076811,VICTORY,153.5,victory-over-45-real-minutes
AGGRESSIVE,aggressive-v1-fail0.12+liquidity-v1,67076865,HP_DEATH,850.4,dumpster-hp-death
AGGRESSIVE,aggressive-v1-fail0.12+liquidity-v1,67076899,VICTORY,349,victory-over-45-real-minutes|giant-payout-dominated-win
AGGRESSIVE,aggressive-v1-fail0.12+liquidity-v1,67076911,HP_DEATH,386.2,dumpster-hp-death
AGGRESSIVE,aggressive-v1-fail0.12+liquidity-v1,67076956,VICTORY,568.5,victory-over-45-real-minutes|giant-payout-dominated-win
WORKER,worker-v1-fail0.07+liquidity-v1,67077666,HP_DEATH,98,dumpster-hp-death
DEGENERATE,degenerate-v1-fail0.14+liquidity-v1,67078094,VICTORY,242.75,victory-over-45-real-minutes|giant-payout-dominated-win
RECKLESS_NEEDS,reckless_needs-v1-fail0.16+liquidity-v1,67079970,HP_DEATH,197.3,dumpster-hp-death
